insert into camara values (0);
insert into camara values (1);
insert into camara values (2);
insert into camara values (3);
insert into camara values (4);
insert into camara values (5);
insert into camara values (6);
insert into camara values (7);
insert into camara values (8);
insert into camara values (9);
insert into camara values (10);
insert into camara values (11);
insert into camara values (12);
insert into camara values (13);
insert into camara values (14);
insert into camara values (15);
insert into camara values (16);
insert into camara values (17);
insert into camara values (18);
insert into camara values (19);
insert into camara values (20);
insert into camara values (21);
insert into camara values (22);
insert into camara values (23);
insert into camara values (24);
insert into camara values (25);
insert into camara values (26);
insert into camara values (27);
insert into camara values (28);
insert into camara values (29);
insert into camara values (30);
insert into camara values (31);
insert into camara values (32);
insert into camara values (33);
insert into camara values (34);
insert into camara values (35);
insert into camara values (36);
insert into camara values (37);
insert into camara values (38);
insert into camara values (39);
insert into camara values (40);
insert into camara values (41);
insert into camara values (42);
insert into camara values (43);
insert into camara values (44);
insert into camara values (45);
insert into camara values (46);
insert into camara values (47);
insert into camara values (48);
insert into camara values (49);
insert into camara values (50);
insert into camara values (51);
insert into camara values (52);
insert into camara values (53);
insert into camara values (54);
insert into camara values (55);
insert into camara values (56);
insert into camara values (57);
insert into camara values (58);
insert into camara values (59);
insert into camara values (60);
insert into camara values (61);
insert into camara values (62);
insert into camara values (63);
insert into camara values (64);
insert into camara values (65);
insert into camara values (66);
insert into camara values (67);
insert into camara values (68);
insert into camara values (69);
insert into camara values (70);
insert into camara values (71);
insert into camara values (72);
insert into camara values (73);
insert into camara values (74);
insert into camara values (75);
insert into camara values (76);
insert into camara values (77);
insert into camara values (78);
insert into camara values (79);
insert into camara values (80);
insert into camara values (81);
insert into camara values (82);
insert into camara values (83);
insert into camara values (84);
insert into camara values (85);
insert into camara values (86);
insert into camara values (87);
insert into camara values (88);
insert into camara values (89);
insert into camara values (90);
insert into camara values (91);
insert into camara values (92);
insert into camara values (93);
insert into camara values (94);
insert into camara values (95);
insert into camara values (96);
insert into camara values (97);
insert into camara values (98);
insert into camara values (99);

insert into video (data_hora_inicio,data_hora_fim,num_camera) values ('2018-09-07 07:59:12', '2018-09-07 08:41:31', 0);
insert into video (data_hora_inicio,data_hora_fim,num_camera) values ('2018-07-27 11:17:57', '2018-07-27 11:51:47', 1);
insert into video (data_hora_inicio,data_hora_fim,num_camera) values ('2018-07-01 15:18:16', '2018-07-01 16:10:02', 2);
insert into video (data_hora_inicio,data_hora_fim,num_camera) values ('2018-08-08 19:59:47', '2018-08-08 20:23:10', 3);
insert into video (data_hora_inicio,data_hora_fim,num_camera) values ('2018-06-21 20:57:55', '2018-06-21 21:45:18', 4);
insert into video (data_hora_inicio,data_hora_fim,num_camera) values ('2018-08-08 16:34:23', '2018-08-08 17:06:03', 5);
insert into video (data_hora_inicio,data_hora_fim,num_camera) values ('2018-06-13 12:33:53', '2018-06-13 12:51:56', 6);
insert into video (data_hora_inicio,data_hora_fim,num_camera) values ('2018-06-04 08:02:00', '2018-06-04 08:39:15', 7);
insert into video (data_hora_inicio,data_hora_fim,num_camera) values ('2018-07-02 10:45:26', '2018-07-02 11:24:49', 8);
insert into video (data_hora_inicio,data_hora_fim,num_camera) values ('2018-07-03 14:26:32', '2018-07-03 15:18:06', 9);
insert into video (data_hora_inicio,data_hora_fim,num_camera) values ('2018-06-18 18:09:43', '2018-06-18 18:39:42', 10);
insert into video (data_hora_inicio,data_hora_fim,num_camera) values ('2018-07-02 20:01:11', '2018-07-02 20:37:05', 11);
insert into video (data_hora_inicio,data_hora_fim,num_camera) values ('2018-06-08 16:02:10', '2018-06-08 16:28:31', 12);
insert into video (data_hora_inicio,data_hora_fim,num_camera) values ('2018-09-05 14:30:46', '2018-09-05 15:20:33', 13);
insert into video (data_hora_inicio,data_hora_fim,num_camera) values ('2018-08-09 10:30:07', '2018-08-09 11:12:03', 14);
insert into video (data_hora_inicio,data_hora_fim,num_camera) values ('2018-06-25 07:03:04', '2018-06-25 07:33:26', 15);
insert into video (data_hora_inicio,data_hora_fim,num_camera) values ('2018-09-24 10:42:59', '2018-09-24 11:05:39', 16);
insert into video (data_hora_inicio,data_hora_fim,num_camera) values ('2018-06-17 13:47:12', '2018-06-17 14:38:33', 17);
insert into video (data_hora_inicio,data_hora_fim,num_camera) values ('2018-09-02 16:00:46', '2018-09-02 16:43:55', 18);
insert into video (data_hora_inicio,data_hora_fim,num_camera) values ('2018-08-28 19:10:21', '2018-08-28 19:49:16', 19);
insert into video (data_hora_inicio,data_hora_fim,num_camera) values ('2018-08-04 20:55:16', '2018-08-04 21:22:05', 20); 
insert into video (data_hora_inicio,data_hora_fim,num_camera) values ('2018-06-07 17:11:56', '2018-06-07 17:57:52', 21);
insert into video (data_hora_inicio,data_hora_fim,num_camera) values ('2018-08-14 14:00:26', '2018-08-14 14:42:08', 22);
insert into video (data_hora_inicio,data_hora_fim,num_camera) values ('2018-07-08 11:23:42', '2018-07-08 12:14:33', 23);
insert into video (data_hora_inicio,data_hora_fim,num_camera) values ('2018-08-04 08:07:49', '2018-08-04 09:00:47', 24);
insert into video (data_hora_inicio,data_hora_fim,num_camera) values ('2018-05-23 09:27:18', '2018-05-23 10:20:40', 25);
insert into video (data_hora_inicio,data_hora_fim,num_camera) values ('2018-06-03 12:54:16', '2018-06-03 13:43:20', 26);
insert into video (data_hora_inicio,data_hora_fim,num_camera) values ('2018-04-14 15:32:54', '2018-04-14 15:53:59', 27);
insert into video (data_hora_inicio,data_hora_fim,num_camera) values ('2018-08-01 18:52:30', '2018-08-01 19:52:50', 28);
insert into video (data_hora_inicio,data_hora_fim,num_camera) values ('2018-03-17 21:46:51', '2018-03-17 22:05:11', 29);
insert into video (data_hora_inicio,data_hora_fim,num_camera) values ('2018-02-05 18:35:33', '2018-02-05 19:11:04', 30);
insert into video (data_hora_inicio,data_hora_fim,num_camera) values ('2018-08-03 16:09:31', '2018-08-03 16:51:11', 31);
insert into video (data_hora_inicio,data_hora_fim,num_camera) values ('2018-09-04 13:50:19', '2018-09-04 14:41:30', 32);
insert into video (data_hora_inicio,data_hora_fim,num_camera) values ('2018-10-07 10:35:37', '2018-10-07 11:06:52', 33);
insert into video (data_hora_inicio,data_hora_fim,num_camera) values ('2018-01-23 09:41:42', '2018-01-23 10:01:39', 34);
insert into video (data_hora_inicio,data_hora_fim,num_camera) values ('2018-06-01 16:59:12', '2018-06-01 17:55:03', 35);
insert into video (data_hora_inicio,data_hora_fim,num_camera) values ('2018-06-30 21:12:35', '2018-06-30 21:44:03', 36);
insert into video (data_hora_inicio,data_hora_fim,num_camera) values ('2018-11-09 15:39:47', '2018-11-09 15:54:43', 37);
insert into video (data_hora_inicio,data_hora_fim,num_camera) values ('2018-09-09 09:11:50', '2018-09-09 09:43:14', 38);
insert into video (data_hora_inicio,data_hora_fim,num_camera) values ('2018-07-30 11:48:23', '2018-07-30 12:38:23', 39); 
insert into video (data_hora_inicio,data_hora_fim,num_camera) values ('2018-12-05 17:46:29', '2018-12-05 18:03:11', 40);
insert into video (data_hora_inicio,data_hora_fim,num_camera) values ('2018-01-02 19:02:31', '2018-01-02 19:27:14', 41);
insert into video (data_hora_inicio,data_hora_fim,num_camera) values ('2018-08-05 13:54:31', '2018-08-05 14:17:07', 42);
insert into video (data_hora_inicio,data_hora_fim,num_camera) values ('2018-02-28 06:00:27', '2018-02-28 06:38:32', 43);
insert into video (data_hora_inicio,data_hora_fim,num_camera) values ('2018-03-07 08:21:02', '2018-03-07 09:07:48', 44);
insert into video (data_hora_inicio,data_hora_fim,num_camera) values ('2018-09-04 10:27:58', '2018-09-04 11:04:12', 45);
insert into video (data_hora_inicio,data_hora_fim,num_camera) values ('2018-06-26 12:07:35', '2018-06-26 12:40:14', 46);
insert into video (data_hora_inicio,data_hora_fim,num_camera) values ('2018-04-25 14:12:09', '2018-04-25 14:48:55', 47);
insert into video (data_hora_inicio,data_hora_fim,num_camera) values ('2018-05-01 16:51:44', '2018-05-01 17:25:11', 48);
insert into video (data_hora_inicio,data_hora_fim,num_camera) values ('2018-10-10 18:58:32', '2018-10-10 19:14:25', 49);
insert into video (data_hora_inicio,data_hora_fim,num_camera) values ('2018-11-12 20:32:26', '2018-11-12 21:00:35', 50);
insert into video (data_hora_inicio,data_hora_fim,num_camera) values ('2018-09-06 20:23:36', '2018-09-06 20:48:17', 51);
insert into video (data_hora_inicio,data_hora_fim,num_camera) values ('2018-06-05 16:46:00', '2018-06-05 17:30:26', 52);
insert into video (data_hora_inicio,data_hora_fim,num_camera) values ('2018-04-25 13:54:10', '2018-04-25 14:38:48', 53);
insert into video (data_hora_inicio,data_hora_fim,num_camera) values ('2018-07-02 11:32:08', '2018-07-02 12:09:19', 54); 
insert into video (data_hora_inicio,data_hora_fim,num_camera) values ('2018-06-21 10:30:10', '2018-06-21 11:22:56', 55);
insert into video (data_hora_inicio,data_hora_fim,num_camera) values ('2018-06-20 09:24:03', '2018-06-20 10:21:17', 56);
insert into video (data_hora_inicio,data_hora_fim,num_camera) values ('2018-07-04 07:00:33', '2018-07-04 07:19:02', 57);
insert into video (data_hora_inicio,data_hora_fim,num_camera) values ('2018-08-06 10:28:35', '2018-08-06 10:59:39', 58);
insert into video (data_hora_inicio,data_hora_fim,num_camera) values ('2018-09-17 14:09:23', '2018-09-17 14:41:32', 59);
insert into video (data_hora_inicio,data_hora_fim,num_camera) values ('2018-07-30 19:47:50', '2018-07-30 20:06:44', 60);
insert into video (data_hora_inicio,data_hora_fim,num_camera) values ('2018-08-01 17:09:04', '2018-08-01 18:04:43', 61);
insert into video (data_hora_inicio,data_hora_fim,num_camera) values ('2018-08-20 10:00:24', '2018-08-20 10:32:03', 62);
insert into video (data_hora_inicio,data_hora_fim,num_camera) values ('2018-09-10 12:07:14', '2018-09-10 13:12:26', 63); 
insert into video (data_hora_inicio,data_hora_fim,num_camera) values ('2018-07-17 19:00:16', '2018-07-17 19:55:28', 64);
insert into video (data_hora_inicio,data_hora_fim,num_camera) values ('2018-06-30 17:52:42', '2018-06-30 18:50:11', 65);
insert into video (data_hora_inicio,data_hora_fim,num_camera) values ('2018-09-09 12:57:16', '2018-09-09 13:12:12', 66);
insert into video (data_hora_inicio,data_hora_fim,num_camera) values ('2018-06-05 08:44:39', '2018-06-05 09:30:04', 67);
insert into video (data_hora_inicio,data_hora_fim,num_camera) values ('2018-05-28 09:48:13', '2018-05-28 10:09:25', 68);
insert into video (data_hora_inicio,data_hora_fim,num_camera) values ('2018-09-13 11:43:25', '2018-09-13 12:08:43', 69);
insert into video (data_hora_inicio,data_hora_fim,num_camera) values ('2018-03-21 12:31:11', '2018-03-21 13:01:47', 70);
insert into video (data_hora_inicio,data_hora_fim,num_camera) values ('2018-09-19 14:13:03', '2018-09-19 14:50:59', 71);
insert into video (data_hora_inicio,data_hora_fim,num_camera) values ('2018-09-29 17:53:53', '2018-09-29 18:16:25', 72);
insert into video (data_hora_inicio,data_hora_fim,num_camera) values ('2018-07-23 21:41:59', '2018-07-23 21:58:24', 73);
insert into video (data_hora_inicio,data_hora_fim,num_camera) values ('2018-07-06 16:48:33', '2018-07-06 17:15:13', 74);
insert into video (data_hora_inicio,data_hora_fim,num_camera) values ('2018-06-05 10:26:07', '2018-06-05 10:37:19', 75);
insert into video (data_hora_inicio,data_hora_fim,num_camera) values ('2018-11-22 11:12:21', '2018-11-22 11:21:54', 76);
insert into video (data_hora_inicio,data_hora_fim,num_camera) values ('2018-02-19 19:00:21', '2018-02-19 19:35:24', 77);
insert into video (data_hora_inicio,data_hora_fim,num_camera) values ('2018-12-09 16:55:12', '2018-12-09 17:59:55', 78); 
insert into video (data_hora_inicio,data_hora_fim,num_camera) values ('2018-05-21 10:14:14', '2018-05-21 11:06:12', 79);
insert into video (data_hora_inicio,data_hora_fim,num_camera) values ('2018-08-10 14:18:46', '2018-08-10 14:40:12', 80);
insert into video (data_hora_inicio,data_hora_fim,num_camera) values ('2018-01-20 20:10:38', '2018-01-20 21:08:22', 81);
insert into video (data_hora_inicio,data_hora_fim,num_camera) values ('2018-02-14 17:13:23', '2018-02-14 17:53:38', 82);
insert into video (data_hora_inicio,data_hora_fim,num_camera) values ('2018-03-16 12:18:31', '2018-03-16 13:16:33', 83);
insert into video (data_hora_inicio,data_hora_fim,num_camera) values ('2018-04-07 13:04:28', '2018-04-07 13:23:37', 84);
insert into video (data_hora_inicio,data_hora_fim,num_camera) values ('2018-05-19 21:25:36', '2018-05-19 21:35:11', 85);
insert into video (data_hora_inicio,data_hora_fim,num_camera) values ('2018-06-22 08:41:07', '2018-06-22 08:54:50', 86);
insert into video (data_hora_inicio,data_hora_fim,num_camera) values ('2018-07-09 18:03:42', '2018-07-09 18:47:09', 87);
insert into video (data_hora_inicio,data_hora_fim,num_camera) values ('2018-08-14 19:04:29', '2018-08-14 20:20:54', 88);
insert into video (data_hora_inicio,data_hora_fim,num_camera) values ('2018-09-04 07:08:31', '2018-09-04 08:00:01', 89);
insert into video (data_hora_inicio,data_hora_fim,num_camera) values ('2018-10-20 10:24:46', '2018-10-20 10:34:29', 90);
insert into video (data_hora_inicio,data_hora_fim,num_camera) values ('2018-11-01 09:19:19', '2018-11-01 09:52:50', 91);
insert into video (data_hora_inicio,data_hora_fim,num_camera) values ('2018-12-30 16:18:44', '2018-12-30 16:57:24', 92);
insert into video (data_hora_inicio,data_hora_fim,num_camera) values ('2018-11-02 15:12:16', '2018-11-02 15:27:32', 93);
insert into video (data_hora_inicio,data_hora_fim,num_camera) values ('2018-10-29 12:56:28', '2018-10-29 13:47:20', 94);
insert into video (data_hora_inicio,data_hora_fim,num_camera) values ('2018-09-07 17:57:38', '2018-09-07 18:38:42', 95);
insert into video (data_hora_inicio,data_hora_fim,num_camera) values ('2018-08-26 20:42:19', '2018-08-26 21:02:39', 96);
insert into video (data_hora_inicio,data_hora_fim,num_camera) values ('2018-09-21 21:30:07', '2018-09-21 22:24:00', 97);
insert into video (data_hora_inicio,data_hora_fim,num_camera) values ('2018-07-17 08:55:31', '2018-07-17 09:38:20', 98);
insert into video (data_hora_inicio,data_hora_fim,num_camera) values ('2018-08-10 11:24:13', '2018-08-10 12:24:57', 99);

insert into segmentovideo (num_segmento,duracao,data_hora_inicio,num_camera) values (0, '00:42:19', '2018-09-07 20:59:12', 0);
insert into segmentovideo (num_segmento,duracao,data_hora_inicio,num_camera) values (1, '00:33:50', '2018-07-27 11:17:57', 1);
insert into segmentovideo (num_segmento,duracao,data_hora_inicio,num_camera) values (2, '00:51:46', '2018-07-01 15:18:16', 2);
insert into segmentovideo (num_segmento,duracao,data_hora_inicio,num_camera) values (3, '00:23:23', '2018-08-08 19:59:47', 3);
insert into segmentovideo (num_segmento,duracao,data_hora_inicio,num_camera) values (4, '00:47:23', '2018-06-21 20:57:55', 4);
insert into segmentovideo (num_segmento,duracao,data_hora_inicio,num_camera) values (5, '00:31:40', '2018-08-08 16:34:23', 5);
insert into segmentovideo (num_segmento,duracao,data_hora_inicio,num_camera) values (6, '00:18:03', '2018-06-13 12:33:53', 6);
insert into segmentovideo (num_segmento,duracao,data_hora_inicio,num_camera) values (7, '00:37:15', '2018-06-04 08:02:00', 7);
insert into segmentovideo (num_segmento,duracao,data_hora_inicio,num_camera) values (8, '00:39:23', '2018-07-02 10:45:26', 8);
insert into segmentovideo (num_segmento,duracao,data_hora_inicio,num_camera) values (9, '00:51:34', '2018-07-03 14:26:32', 9);
insert into segmentovideo (num_segmento,duracao,data_hora_inicio,num_camera) values (10, '00:29:59', '2018-06-18 18:09:43', 10);
insert into segmentovideo (num_segmento,duracao,data_hora_inicio,num_camera) values (11, '00:35:54', '2018-07-02 20:01:11', 11);
insert into segmentovideo (num_segmento,duracao,data_hora_inicio,num_camera) values (12, '00:26:21', '2018-06-08 16:02:10', 12);
insert into segmentovideo (num_segmento,duracao,data_hora_inicio,num_camera) values (13, '00:49:47', '2018-09-05 14:30:46', 13);
insert into segmentovideo (num_segmento,duracao,data_hora_inicio,num_camera) values (14, '00:41:56', '2018-08-09 10:30:07', 14);
insert into segmentovideo (num_segmento,duracao,data_hora_inicio,num_camera) values (15, '00:30:22', '2018-06-25 07:03:04', 15);
insert into segmentovideo (num_segmento,duracao,data_hora_inicio,num_camera) values (16, '00:22:40', '2018-09-24 10:42:59', 16);
insert into segmentovideo (num_segmento,duracao,data_hora_inicio,num_camera) values (17, '00:51:21', '2018-06-17 13:47:12', 17);
insert into segmentovideo (num_segmento,duracao,data_hora_inicio,num_camera) values (18, '00:43:09', '2018-09-02 16:00:46', 18);
insert into segmentovideo (num_segmento,duracao,data_hora_inicio,num_camera) values (19, '00:38:55', '2018-08-28 19:10:21', 19); 
insert into segmentovideo (num_segmento,duracao,data_hora_inicio,num_camera) values (20, '00:26:49', '2018-08-04 20:55:16', 20);
insert into segmentovideo (num_segmento,duracao,data_hora_inicio,num_camera) values (21, '00:45:56', '2018-06-07 17:11:56', 21);
insert into segmentovideo (num_segmento,duracao,data_hora_inicio,num_camera) values (22, '00:41:42', '2018-08-14 14:00:26', 22);
insert into segmentovideo (num_segmento,duracao,data_hora_inicio,num_camera) values (23, '00:50:51', '2018-07-08 11:23:42', 23);
insert into segmentovideo (num_segmento,duracao,data_hora_inicio,num_camera) values (24, '00:52:58', '2018-08-04 08:07:49', 24);
insert into segmentovideo (num_segmento,duracao,data_hora_inicio,num_camera) values (25, '00:53:22', '2018-05-23 09:27:18', 25);
insert into segmentovideo (num_segmento,duracao,data_hora_inicio,num_camera) values (26, '00:49:04', '2018-06-03 12:54:16', 26);
insert into segmentovideo (num_segmento,duracao,data_hora_inicio,num_camera) values (27, '00:21:05', '2018-04-14 15:32:54', 27);
insert into segmentovideo (num_segmento,duracao,data_hora_inicio,num_camera) values (28, '01:00:20', '2018-08-01 18:52:30', 28);
insert into segmentovideo (num_segmento,duracao,data_hora_inicio,num_camera) values (29, '00:18:20', '2018-03-17 21:46:51', 29); 
insert into segmentovideo (num_segmento,duracao,data_hora_inicio,num_camera) values (30, '00:35:31', '2018-02-05 18:35:33', 30);
insert into segmentovideo (num_segmento,duracao,data_hora_inicio,num_camera) values (31, '00:41:40', '2018-08-03 16:09:31', 31);
insert into segmentovideo (num_segmento,duracao,data_hora_inicio,num_camera) values (32, '00:51:11', '2018-09-04 13:50:19', 32);
insert into segmentovideo (num_segmento,duracao,data_hora_inicio,num_camera) values (33, '00:31:15', '2018-10-07 10:35:37', 33);
insert into segmentovideo (num_segmento,duracao,data_hora_inicio,num_camera) values (34, '00:19:58', '2018-01-23 09:41:42', 34);
insert into segmentovideo (num_segmento,duracao,data_hora_inicio,num_camera) values (35, '00:55:51', '2018-06-01 16:59:12', 35);
insert into segmentovideo (num_segmento,duracao,data_hora_inicio,num_camera) values (36, '00:31:28', '2018-06-30 21:12:35', 36);
insert into segmentovideo (num_segmento,duracao,data_hora_inicio,num_camera) values (37, '00:14:56', '2018-11-09 15:39:47', 37);
insert into segmentovideo (num_segmento,duracao,data_hora_inicio,num_camera) values (38, '00:31:24', '2018-09-09 09:11:50', 38);
insert into segmentovideo (num_segmento,duracao,data_hora_inicio,num_camera) values (39, '00:50:00', '2018-07-30 11:48:23', 39);
insert into segmentovideo (num_segmento,duracao,data_hora_inicio,num_camera) values (40, '00:16:42', '2018-12-05 17:46:29', 40);
insert into segmentovideo (num_segmento,duracao,data_hora_inicio,num_camera) values (41, '00:24:43', '2018-01-02 19:02:31', 41);
insert into segmentovideo (num_segmento,duracao,data_hora_inicio,num_camera) values (42, '00:22:36', '2018-08-05 13:54:31', 42);
insert into segmentovideo (num_segmento,duracao,data_hora_inicio,num_camera) values (43, '00:38:05', '2018-02-28 06:00:27', 43);
insert into segmentovideo (num_segmento,duracao,data_hora_inicio,num_camera) values (44, '00:46:46', '2018-03-07 08:21:02', 44);
insert into segmentovideo (num_segmento,duracao,data_hora_inicio,num_camera) values (45, '00:36:14', '2018-09-04 10:27:58', 45);
insert into segmentovideo (num_segmento,duracao,data_hora_inicio,num_camera) values (46, '00:32:39', '2018-06-26 12:07:35', 46);
insert into segmentovideo (num_segmento,duracao,data_hora_inicio,num_camera) values (47, '00:36:46', '2018-04-25 14:12:09', 47);
insert into segmentovideo (num_segmento,duracao,data_hora_inicio,num_camera) values (48, '00:33:27', '2018-05-01 16:51:44', 48);
insert into segmentovideo (num_segmento,duracao,data_hora_inicio,num_camera) values (49, '00:15:53', '2018-10-10 18:58:32', 49); 
insert into segmentovideo (num_segmento,duracao,data_hora_inicio,num_camera) values (50, '00:28:09', '2018-11-12 20:32:26', 50);
insert into segmentovideo (num_segmento,duracao,data_hora_inicio,num_camera) values (51, '00:14:41', '2018-09-06 20:23:36', 51);
insert into segmentovideo (num_segmento,duracao,data_hora_inicio,num_camera) values (52, '00:44:26', '2018-06-05 16:46:00', 52);
insert into segmentovideo (num_segmento,duracao,data_hora_inicio,num_camera) values (53, '00:44:38', '2018-04-25 13:54:10', 53);
insert into segmentovideo (num_segmento,duracao,data_hora_inicio,num_camera) values (54, '00:37:11', '2018-07-02 11:32:08', 54);
insert into segmentovideo (num_segmento,duracao,data_hora_inicio,num_camera) values (55, '00:52:46', '2018-06-21 10:30:10', 55);
insert into segmentovideo (num_segmento,duracao,data_hora_inicio,num_camera) values (56, '00:57:14', '2018-06-20 09:24:03', 56);
insert into segmentovideo (num_segmento,duracao,data_hora_inicio,num_camera) values (57, '00:18:29', '2018-07-04 07:00:33', 57);
insert into segmentovideo (num_segmento,duracao,data_hora_inicio,num_camera) values (58, '00:31:04', '2018-08-06 10:28:35', 58);
insert into segmentovideo (num_segmento,duracao,data_hora_inicio,num_camera) values (59, '00:32:09', '2018-09-17 14:09:23', 59);
insert into segmentovideo (num_segmento,duracao,data_hora_inicio,num_camera) values (60, '00:18:54', '2018-07-30 19:47:50', 60);
insert into segmentovideo (num_segmento,duracao,data_hora_inicio,num_camera) values (61, '00:55:39', '2018-08-01 17:09:04', 61);
insert into segmentovideo (num_segmento,duracao,data_hora_inicio,num_camera) values (62, '00:31:39', '2018-08-20 10:00:24', 62);
insert into segmentovideo (num_segmento,duracao,data_hora_inicio,num_camera) values (63, '01:05:12', '2018-09-10 12:07:14', 63);
insert into segmentovideo (num_segmento,duracao,data_hora_inicio,num_camera) values (64, '00:55:12', '2018-07-17 19:00:16', 64);
insert into segmentovideo (num_segmento,duracao,data_hora_inicio,num_camera) values (65, '00:57:29', '2018-06-30 17:52:42', 65);
insert into segmentovideo (num_segmento,duracao,data_hora_inicio,num_camera) values (66, '00:14:56', '2018-09-09 12:57:16', 66);
insert into segmentovideo (num_segmento,duracao,data_hora_inicio,num_camera) values (67, '00:45:25', '2018-06-05 08:44:39', 67);
insert into segmentovideo (num_segmento,duracao,data_hora_inicio,num_camera) values (68, '00:21:12', '2018-05-28 09:48:13', 68);
insert into segmentovideo (num_segmento,duracao,data_hora_inicio,num_camera) values (69, '00:25:18', '2018-09-13 11:43:25', 69); 
insert into segmentovideo (num_segmento,duracao,data_hora_inicio,num_camera) values (70, '00:30:36', '2018-03-21 12:31:11', 70);
insert into segmentovideo (num_segmento,duracao,data_hora_inicio,num_camera) values (71, '00:37:56', '2018-09-19 14:13:03', 71);
insert into segmentovideo (num_segmento,duracao,data_hora_inicio,num_camera) values (72, '00:22:32', '2018-09-29 17:53:53', 72);
insert into segmentovideo (num_segmento,duracao,data_hora_inicio,num_camera) values (73, '00:16:25', '2018-07-23 21:41:59', 73);
insert into segmentovideo (num_segmento,duracao,data_hora_inicio,num_camera) values (74, '00:26:40', '2018-07-06 16:48:33', 74);
insert into segmentovideo (num_segmento,duracao,data_hora_inicio,num_camera) values (75, '00:11:12', '2018-06-05 10:26:07', 75);
insert into segmentovideo (num_segmento,duracao,data_hora_inicio,num_camera) values (76, '00:09:33', '2018-11-22 11:12:21', 76);
insert into segmentovideo (num_segmento,duracao,data_hora_inicio,num_camera) values (77, '00:35:03', '2018-02-19 19:00:21', 77);
insert into segmentovideo (num_segmento,duracao,data_hora_inicio,num_camera) values (78, '01:04:43', '2018-12-09 16:55:12', 78);
insert into segmentovideo (num_segmento,duracao,data_hora_inicio,num_camera) values (79, '00:51:58', '2018-05-21 10:14:14', 79);
insert into segmentovideo (num_segmento,duracao,data_hora_inicio,num_camera) values (80, '00:21:26', '2018-08-10 14:18:46', 80);
insert into segmentovideo (num_segmento,duracao,data_hora_inicio,num_camera) values (81, '00:57:44', '2018-01-20 20:10:38', 81);
insert into segmentovideo (num_segmento,duracao,data_hora_inicio,num_camera) values (82, '00:40:15', '2018-02-14 17:13:23', 82);
insert into segmentovideo (num_segmento,duracao,data_hora_inicio,num_camera) values (83, '00:58:02', '2018-03-16 12:18:31', 83);
insert into segmentovideo (num_segmento,duracao,data_hora_inicio,num_camera) values (84, '00:19:09', '2018-04-07 13:04:28', 84);
insert into segmentovideo (num_segmento,duracao,data_hora_inicio,num_camera) values (85, '00:09:35', '2018-05-19 21:25:36', 85);
insert into segmentovideo (num_segmento,duracao,data_hora_inicio,num_camera) values (86, '00:13:43', '2018-06-22 08:41:07', 86);
insert into segmentovideo (num_segmento,duracao,data_hora_inicio,num_camera) values (87, '00:43:27', '2018-07-09 18:03:42', 87);
insert into segmentovideo (num_segmento,duracao,data_hora_inicio,num_camera) values (88, '01:16:25', '2018-08-14 19:04:29', 88);
insert into segmentovideo (num_segmento,duracao,data_hora_inicio,num_camera) values (89, '00:51:30', '2018-09-04 07:08:31', 89);
insert into segmentovideo (num_segmento,duracao,data_hora_inicio,num_camera) values (90, '00:09:17', '2018-10-20 10:24:46', 90);
insert into segmentovideo (num_segmento,duracao,data_hora_inicio,num_camera) values (91, '00:33:31', '2018-11-01 09:19:19', 91);
insert into segmentovideo (num_segmento,duracao,data_hora_inicio,num_camera) values (92, '00:38:40', '2018-12-30 16:18:44', 92);
insert into segmentovideo (num_segmento,duracao,data_hora_inicio,num_camera) values (93, '00:15:16', '2018-11-02 15:12:16', 93);
insert into segmentovideo (num_segmento,duracao,data_hora_inicio,num_camera) values (94, '00:50:52', '2018-10-29 12:56:28', 94);
insert into segmentovideo (num_segmento,duracao,data_hora_inicio,num_camera) values (95, '00:41:04', '2018-09-07 17:57:38', 95);
insert into segmentovideo (num_segmento,duracao,data_hora_inicio,num_camera) values (96, '00:20:20', '2018-08-26 20:42:19', 96);
insert into segmentovideo (num_segmento,duracao,data_hora_inicio,num_camera) values (97, '00:53:53', '2018-09-21 21:30:07', 97);
insert into segmentovideo (num_segmento,duracao,data_hora_inicio,num_camera) values (98, '00:42:49', '2018-07-17 08:55:31', 98);
insert into segmentovideo (num_segmento,duracao,data_hora_inicio,num_camera) values (99, '01:00:44', '2018-08-10 11:24:13', 99); 

insert into local values ('Lisboa');
insert into local values ('Sintra');
insert into local values ('Vila Nova de Gaia');
insert into local values ('Porto');
insert into local values ('Cascais');
insert into local values ('Loures');
insert into local values ('Braga');
insert into local values ('Matosinhos');
insert into local values ('Amadora');
insert into local values ('Almada');
insert into local values ('Oeiras');
insert into local values ('Gondomar');
insert into local values ('Seixal');
insert into local values ('Guimaraes');
insert into local values ('Odivelas');
insert into local values ('Coimbra');
insert into local values ('Santa Maria da Feira');
insert into local values ('Vila Franca de Xira');
insert into local values ('Maia');
insert into local values ('Vila Nova de Famalicao');
insert into local values ('Leiria');
insert into local values ('Setubal');
insert into local values ('Barcelos');
insert into local values ('Funchal');
insert into local values ('Viseu');
insert into local values ('Valongo');
insert into local values ('Viana do Castelo');
insert into local values ('Paredes');
insert into local values ('Vila do Conde');
insert into local values ('Torres Vedras');
insert into local values ('Barreiro');
insert into local values ('Aveiro');
insert into local values ('Mafra');
insert into local values ('Penafiel');
insert into local values ('Santo Tirso');
insert into local values ('Loule');
insert into local values ('Ponta Delgada');
insert into local values ('Oliveira do Hospital');
insert into local values ('Moita');
insert into local values ('Faro');
insert into local values ('Povoa de Varzim');
insert into local values ('Palmela');
insert into local values ('Santarem');
insert into local values ('Figueira da Foz');
insert into local values ('Felgueiras');
insert into local values ('Alcobaca');
insert into local values ('Evora');
insert into local values ('Pacos de Ferreira');
insert into local values ('Amarante');
insert into local values ('Castelo Branco');
insert into local values ('Portimao');
insert into local values ('Ovar');
insert into local values ('Pombal');
insert into local values ('Marco de Canaveses');
insert into local values ('Covilha');
insert into local values ('Caldas da Rainha');
insert into local values ('Montijo');
insert into local values ('Fafe');
insert into local values ('Sesimbra');
insert into local values ('Vila Verde');
insert into local values ('Agueda');
insert into local values ('Lousada');
insert into local values ('Ourem');
insert into local values ('Olhao');
insert into local values ('Ponte de Lima');
insert into local values ('Alenquer');
insert into local values ('Santa Cruz');
insert into local values ('Guarda');
insert into local values ('Chaves');
insert into local values ('Albufeira');
insert into local values ('Tomar');
insert into local values ('Abrantes');
insert into local values ('Trofa');
insert into local values ('Marinha Grande');
insert into local values ('Ilhavo');
insert into local values ('Silves');
insert into local values ('Torres Novas');
insert into local values ('Cantanhede');
insert into local values ('Beja');
insert into local values ('Monchique');
insert into local values ('Angra do Heroismo');
insert into local values ('Braganca');
insert into local values ('Esposende');
insert into local values ('Ribeira Grande');
insert into local values ('Espinho');
insert into local values ('Lagos');
insert into local values ('Santiago do Cacem');
insert into local values ('Fundao');
insert into local values ('Anadia');
insert into local values ('Benavente');
insert into local values ('Tondela');
insert into local values ('Peniche');
insert into local values ('Estarreja');
insert into local values ('Lamego');
insert into local values ('Tavira');
insert into local values ('Odemira');
insert into local values ('Lourinha');
insert into local values ('Portalegre');
insert into local values ('Seia');
insert into local values ('Cartaxo');


-- QUEREM COLOCAR DUAS CAMARAS POR LOCAL? -----------

insert into vigia values ('Lisboa', 1);
insert into vigia values ('Sintra', 2);
insert into vigia values ('Vila Nova de Gaia', 3);
insert into vigia values ('Porto', 4);
insert into vigia values ('Cascais', 5);
insert into vigia values ('Loures', 6);
insert into vigia values ('Braga', 7);
insert into vigia values ('Matosinhos', 8);
insert into vigia values ('Amadora', 9);
insert into vigia values ('Almada', 10);
insert into vigia values ('Oeiras', 11);
insert into vigia values ('Gondomar', 12);
insert into vigia values ('Seixal', 13);
insert into vigia values ('Guimaraes', 14);
insert into vigia values ('Odivelas', 15);
insert into vigia values ('Coimbra', 16);
insert into vigia values ('Santa Maria da Feira', 17);
insert into vigia values ('Vila Franca de Xira', 18);
insert into vigia values ('Maia', 19);
insert into vigia values ('Vila Nova de Famalicao', 20);
insert into vigia values ('Leiria', 21);
insert into vigia values ('Setubal', 22);
insert into vigia values ('Barcelos', 23);
insert into vigia values ('Funchal', 24);
insert into vigia values ('Viseu', 25);
insert into vigia values ('Valongo', 26);
insert into vigia values ('Viana do Castelo', 27);
insert into vigia values ('Paredes', 28);
insert into vigia values ('Vila do Conde', 29);
insert into vigia values ('Torres Vedras', 30);
insert into vigia values ('Barreiro', 31);
insert into vigia values ('Aveiro', 32);
insert into vigia values ('Mafra', 33);
insert into vigia values ('Penafiel', 34);
insert into vigia values ('Santo Tirso', 35);
insert into vigia values ('Loule', 36);
insert into vigia values ('Ponta Delgada', 37);
insert into vigia values ('Oliveira do Hospital', 38);
insert into vigia values ('Moita', 39);
insert into vigia values ('Faro', 40);
insert into vigia values ('Povoa de Varzim', 41);
insert into vigia values ('Palmela', 42);
insert into vigia values ('Santarem', 43);
insert into vigia values ('Figueira da Foz', 44);
insert into vigia values ('Felgueiras', 45);
insert into vigia values ('Alcobaca', 46);
insert into vigia values ('Evora', 47);
insert into vigia values ('Pacos de Ferreira', 48);
insert into vigia values ('Amarante', 49);
insert into vigia values ('Castelo Branco', 50);
insert into vigia values ('Portimao', 51);
insert into vigia values ('Ovar', 52);
insert into vigia values ('Pombal', 53);
insert into vigia values ('Marco de Canaveses', 54);
insert into vigia values ('Covilha', 55);
insert into vigia values ('Caldas da Rainha', 56);
insert into vigia values ('Montijo', 57);
insert into vigia values ('Fafe', 58);
insert into vigia values ('Sesimbra', 59);
insert into vigia values ('Vila Verde' 60);
insert into vigia values ('Agueda', 61);
insert into vigia values ('Lousada' 62);
insert into vigia values ('Ourem', 63);
insert into vigia values ('Olhao', 64);
insert into vigia values ('Ponte de Lima', 65);
insert into vigia values ('Alenquer', 66);
insert into vigia values ('Santa Cruz', 67);
insert into vigia values ('Guarda', 68);
insert into vigia values ('Chaves', 69);
insert into vigia values ('Albufeira', 70);
insert into vigia values ('Tomar', 71);
insert into vigia values ('Abrantes', 72);
insert into vigia values ('Trofa', 73);
insert into vigia values ('Marinha Grande', 74);
insert into vigia values ('Ilhavo', 75);
insert into vigia values ('Silves', 76);
insert into vigia values ('Torres Novas', 77);
insert into vigia values ('Cantanhede', 78);
insert into vigia values ('Beja', 79);
insert into vigia values ('Monchique', 80);
insert into vigia values ('Angra do Heroismo', 81);
insert into vigia values ('Braganca', 82);
insert into vigia values ('Esposende', 83);
insert into vigia values ('Ribeira Grande', 84);
insert into vigia values ('Espinho', 85);
insert into vigia values ('Lagos', 86);
insert into vigia values ('Santiago do Cacem', 87);
insert into vigia values ('Fundao', 88);
insert into vigia values ('Anadia', 89);
insert into vigia values ('Benavente', 90);
insert into vigia values ('Tondela', 91);
insert into vigia values ('Peniche', 92);
insert into vigia values ('Estarreja', 93);
insert into vigia values ('Lamego', 94);
insert into vigia values ('Tavira', 95);
insert into vigia values ('Odemira', 96);
insert into vigia values ('Lourinha', 97);
insert into vigia values ('Portalegre', 98);
insert into vigia values ('Seia', 99);
insert into vigia values ('Cartaxo', 100);


--ACERTAR DATA, NUMERO PROCESSO E NOMES -----------------------------

insert into eventoemergencia (num_telefone,instante_chamada,nome_pessoa,morada_local,num_processo_socorro) values (282568889,2018-02-08 20:07:25,nomepessoa,moradalocal,num_processo_socorro);
insert into eventoemergencia (num_telefone,instante_chamada,nome_pessoa,morada_local,num_processo_socorro) values (910039627,2018-09-07 20:52:34,nomepessoa,moradalocal,031);
insert into eventoemergencia (num_telefone,instante_chamada,nome_pessoa,morada_local,num_processo_socorro) values (514479237,2018-07-00 20:59:40,nomepessoa,moradalocal,342);
insert into eventoemergencia (num_telefone,instante_chamada,nome_pessoa,morada_local,num_processo_socorro) values (250735087,2018-01-05 20:50:52,nomepessoa,moradalocal,643);
insert into eventoemergencia (num_telefone,instante_chamada,nome_pessoa,morada_local,num_processo_socorro) values (370555672,2018-09-08 20:43:15,nomepessoa,moradalocal,274);
insert into eventoemergencia (num_telefone,instante_chamada,nome_pessoa,morada_local,num_processo_socorro) values (803720773,2018-01-06 20:23:24,nomepessoa,moradalocal,315);
insert into eventoemergencia (num_telefone,instante_chamada,nome_pessoa,morada_local,num_processo_socorro) values (741368179,2018-02-06 20:38:25,nomepessoa,moradalocal,526);
insert into eventoemergencia (num_telefone,instante_chamada,nome_pessoa,morada_local,num_processo_socorro) values (787396354,2018-00-01 20:57:33,nomepessoa,moradalocal,767);
insert into eventoemergencia (num_telefone,instante_chamada,nome_pessoa,morada_local,num_processo_socorro) values (745575525,2018-01-04 20:54:10,nomepessoa,moradalocal,038);
insert into eventoemergencia (num_telefone,instante_chamada,nome_pessoa,morada_local,num_processo_socorro) values (914501814,2018-09-07 20:59:22,nomepessoa,moradalocal,359);
insert into eventoemergencia (num_telefone,instante_chamada,nome_pessoa,morada_local,num_processo_socorro) values (590705589,2018-09-09 20:53:25,nomepessoa,moradalocal,5510);
insert into eventoemergencia (num_telefone,instante_chamada,nome_pessoa,morada_local,num_processo_socorro) values (645857769,2018-00-01 20:00:47,nomepessoa,moradalocal,9611);
insert into eventoemergencia (num_telefone,instante_chamada,nome_pessoa,morada_local,num_processo_socorro) values (521913081,2018-02-00 20:56:03,nomepessoa,moradalocal,7012);
insert into eventoemergencia (num_telefone,instante_chamada,nome_pessoa,morada_local,num_processo_socorro) values (089939118,2018-05-08 20:50:27,nomepessoa,moradalocal,9613);
insert into eventoemergencia (num_telefone,instante_chamada,nome_pessoa,morada_local,num_processo_socorro) values (158378762,2018-04-01 20:33:12,nomepessoa,moradalocal,1914);
insert into eventoemergencia (num_telefone,instante_chamada,nome_pessoa,morada_local,num_processo_socorro) values (294199661,2018-02-06 20:58:51,nomepessoa,moradalocal,5115);
insert into eventoemergencia (num_telefone,instante_chamada,nome_pessoa,morada_local,num_processo_socorro) values (132427333,2018-04-06 20:54:27,nomepessoa,moradalocal,1716);
insert into eventoemergencia (num_telefone,instante_chamada,nome_pessoa,morada_local,num_processo_socorro) values (421093231,2018-09-03 20:05:51,nomepessoa,moradalocal,4817);
insert into eventoemergencia (num_telefone,instante_chamada,nome_pessoa,morada_local,num_processo_socorro) values (633306798,2018-02-09 20:37:15,nomepessoa,moradalocal,0718);
insert into eventoemergencia (num_telefone,instante_chamada,nome_pessoa,morada_local,num_processo_socorro) values (627446545,2018-07-05 20:38:17,nomepessoa,moradalocal,7519);
insert into eventoemergencia (num_telefone,instante_chamada,nome_pessoa,morada_local,num_processo_socorro) values (762471747,2018-04-04 20:41:50,nomepessoa,moradalocal,8820);
insert into eventoemergencia (num_telefone,instante_chamada,nome_pessoa,morada_local,num_processo_socorro) values (617071947,2018-07-01 20:35:32,nomepessoa,moradalocal,9821);
insert into eventoemergencia (num_telefone,instante_chamada,nome_pessoa,morada_local,num_processo_socorro) values (542987051,2018-08-09 20:20:12,nomepessoa,moradalocal,2822);
insert into eventoemergencia (num_telefone,instante_chamada,nome_pessoa,morada_local,num_processo_socorro) values (061483336,2018-07-04 20:31:25,nomepessoa,moradalocal,7723);
insert into eventoemergencia (num_telefone,instante_chamada,nome_pessoa,morada_local,num_processo_socorro) values (338798104,2018-01-00 20:55:32,nomepessoa,moradalocal,8724);
insert into eventoemergencia (num_telefone,instante_chamada,nome_pessoa,morada_local,num_processo_socorro) values (877099716,2018-06-00 20:58:14,nomepessoa,moradalocal,4925);
insert into eventoemergencia (num_telefone,instante_chamada,nome_pessoa,morada_local,num_processo_socorro) values (383482869,2018-09-08 20:45:09,nomepessoa,moradalocal,1426);
insert into eventoemergencia (num_telefone,instante_chamada,nome_pessoa,morada_local,num_processo_socorro) values (748453747,2018-08-09 20:02:48,nomepessoa,moradalocal,9827);
insert into eventoemergencia (num_telefone,instante_chamada,nome_pessoa,morada_local,num_processo_socorro) values (293565222,2018-00-09 20:35:46,nomepessoa,moradalocal,2528);
insert into eventoemergencia (num_telefone,instante_chamada,nome_pessoa,morada_local,num_processo_socorro) values (941231817,2018-01-09 20:44:37,nomepessoa,moradalocal,7129);
insert into eventoemergencia (num_telefone,instante_chamada,nome_pessoa,morada_local,num_processo_socorro) values (457910822,2018-01-07 20:45:13,nomepessoa,moradalocal,4730);
insert into eventoemergencia (num_telefone,instante_chamada,nome_pessoa,morada_local,num_processo_socorro) values (363434614,2018-07-09 20:18:11,nomepessoa,moradalocal,2931);
insert into eventoemergencia (num_telefone,instante_chamada,nome_pessoa,morada_local,num_processo_socorro) values (209330218,2018-09-02 20:00:54,nomepessoa,moradalocal,5232);
insert into eventoemergencia (num_telefone,instante_chamada,nome_pessoa,morada_local,num_processo_socorro) values (849767667,2018-00-00 20:07:42,nomepessoa,moradalocal,3933);
insert into eventoemergencia (num_telefone,instante_chamada,nome_pessoa,morada_local,num_processo_socorro) values (528689294,2018-05-01 20:55:22,nomepessoa,moradalocal,9834);
insert into eventoemergencia (num_telefone,instante_chamada,nome_pessoa,morada_local,num_processo_socorro) values (067218437,2018-05-04 20:26:17,nomepessoa,moradalocal,4235);
insert into eventoemergencia (num_telefone,instante_chamada,nome_pessoa,morada_local,num_processo_socorro) values (422935984,2018-01-09 20:28:49,nomepessoa,moradalocal,5836);
insert into eventoemergencia (num_telefone,instante_chamada,nome_pessoa,morada_local,num_processo_socorro) values (686572561,2018-06-07 20:19:39,nomepessoa,moradalocal,0737);
insert into eventoemergencia (num_telefone,instante_chamada,nome_pessoa,morada_local,num_processo_socorro) values (003302471,2018-05-00 20:43:28,nomepessoa,moradalocal,7538);
insert into eventoemergencia (num_telefone,instante_chamada,nome_pessoa,morada_local,num_processo_socorro) values (854215115,2018-01-08 20:11:25,nomepessoa,moradalocal,4739);
insert into eventoemergencia (num_telefone,instante_chamada,nome_pessoa,morada_local,num_processo_socorro) values (555193908,2018-00-08 20:16:46,nomepessoa,moradalocal,5140);
insert into eventoemergencia (num_telefone,instante_chamada,nome_pessoa,morada_local,num_processo_socorro) values (649230568,2018-07-09 20:02:43,nomepessoa,moradalocal,2341);
insert into eventoemergencia (num_telefone,instante_chamada,nome_pessoa,morada_local,num_processo_socorro) values (630191704,2018-06-04 20:45:12,nomepessoa,moradalocal,7942);
insert into eventoemergencia (num_telefone,instante_chamada,nome_pessoa,morada_local,num_processo_socorro) values (858554858,2018-07-08 20:57:12,nomepessoa,moradalocal,4143);
insert into eventoemergencia (num_telefone,instante_chamada,nome_pessoa,morada_local,num_processo_socorro) values (110082585,2018-03-02 20:29:19,nomepessoa,moradalocal,4644);
insert into eventoemergencia (num_telefone,instante_chamada,nome_pessoa,morada_local,num_processo_socorro) values (941940004,2018-03-06 20:48:48,nomepessoa,moradalocal,2945);
insert into eventoemergencia (num_telefone,instante_chamada,nome_pessoa,morada_local,num_processo_socorro) values (154676071,2018-06-00 20:25:18,nomepessoa,moradalocal,5446);
insert into eventoemergencia (num_telefone,instante_chamada,nome_pessoa,morada_local,num_processo_socorro) values (197980340,2018-01-04 20:24:49,nomepessoa,moradalocal,7747);
insert into eventoemergencia (num_telefone,instante_chamada,nome_pessoa,morada_local,num_processo_socorro) values (474049260,2018-03-08 20:22:54,nomepessoa,moradalocal,3648);
insert into eventoemergencia (num_telefone,instante_chamada,nome_pessoa,morada_local,num_processo_socorro) values (710368114,2018-02-00 20:24:08,nomepessoa,moradalocal,3349);
insert into eventoemergencia (num_telefone,instante_chamada,nome_pessoa,morada_local,num_processo_socorro) values (128677201,2018-04-01 20:37:25,nomepessoa,moradalocal,0150);
insert into eventoemergencia (num_telefone,instante_chamada,nome_pessoa,morada_local,num_processo_socorro) values (269926752,2018-08-06 20:40:08,nomepessoa,moradalocal,4151);
insert into eventoemergencia (num_telefone,instante_chamada,nome_pessoa,morada_local,num_processo_socorro) values (279133903,2018-08-01 20:20:49,nomepessoa,moradalocal,7952);
insert into eventoemergencia (num_telefone,instante_chamada,nome_pessoa,morada_local,num_processo_socorro) values (027824696,2018-06-04 20:14:43,nomepessoa,moradalocal,6253);
insert into eventoemergencia (num_telefone,instante_chamada,nome_pessoa,morada_local,num_processo_socorro) values (441465830,2018-03-00 20:11:26,nomepessoa,moradalocal,9854);
insert into eventoemergencia (num_telefone,instante_chamada,nome_pessoa,morada_local,num_processo_socorro) values (271064852,2018-09-06 20:12:23,nomepessoa,moradalocal,7155);
insert into eventoemergencia (num_telefone,instante_chamada,nome_pessoa,morada_local,num_processo_socorro) values (894741138,2018-09-00 20:23:16,nomepessoa,moradalocal,8256);
insert into eventoemergencia (num_telefone,instante_chamada,nome_pessoa,morada_local,num_processo_socorro) values (522436880,2018-08-00 20:08:52,nomepessoa,moradalocal,1357);
insert into eventoemergencia (num_telefone,instante_chamada,nome_pessoa,morada_local,num_processo_socorro) values (988995251,2018-04-05 20:25:54,nomepessoa,moradalocal,1758);
insert into eventoemergencia (num_telefone,instante_chamada,nome_pessoa,morada_local,num_processo_socorro) values (541906825,2018-01-07 20:32:10,nomepessoa,moradalocal,1559);
insert into eventoemergencia (num_telefone,instante_chamada,nome_pessoa,morada_local,num_processo_socorro) values (737802188,2018-08-06 20:13:18,nomepessoa,moradalocal,9460);
insert into eventoemergencia (num_telefone,instante_chamada,nome_pessoa,morada_local,num_processo_socorro) values (501191820,2018-07-01 20:00:13,nomepessoa,moradalocal,4661);
insert into eventoemergencia (num_telefone,instante_chamada,nome_pessoa,morada_local,num_processo_socorro) values (527483768,2018-04-09 20:57:18,nomepessoa,moradalocal,2862);
insert into eventoemergencia (num_telefone,instante_chamada,nome_pessoa,morada_local,num_processo_socorro) values (152349123,2018-00-09 20:07:49,nomepessoa,moradalocal,3263);
insert into eventoemergencia (num_telefone,instante_chamada,nome_pessoa,morada_local,num_processo_socorro) values (032096435,2018-07-06 20:01:17,nomepessoa,moradalocal,9964);
insert into eventoemergencia (num_telefone,instante_chamada,nome_pessoa,morada_local,num_processo_socorro) values (906702090,2018-08-09 20:18:42,nomepessoa,moradalocal,6465);
insert into eventoemergencia (num_telefone,instante_chamada,nome_pessoa,morada_local,num_processo_socorro) values (596623018,2018-08-02 20:06:53,nomepessoa,moradalocal,3466);
insert into eventoemergencia (num_telefone,instante_chamada,nome_pessoa,morada_local,num_processo_socorro) values (776115405,2018-09-06 20:53:15,nomepessoa,moradalocal,2367);
insert into eventoemergencia (num_telefone,instante_chamada,nome_pessoa,morada_local,num_processo_socorro) values (639557275,2018-06-07 20:20:52,nomepessoa,moradalocal,3468);
insert into eventoemergencia (num_telefone,instante_chamada,nome_pessoa,morada_local,num_processo_socorro) values (567799713,2018-07-03 20:06:41,nomepessoa,moradalocal,1869);
insert into eventoemergencia (num_telefone,instante_chamada,nome_pessoa,morada_local,num_processo_socorro) values (518605985,2018-01-00 20:18:50,nomepessoa,moradalocal,0470);
insert into eventoemergencia (num_telefone,instante_chamada,nome_pessoa,morada_local,num_processo_socorro) values (150484840,2018-00-03 20:25:29,nomepessoa,moradalocal,8071);
insert into eventoemergencia (num_telefone,instante_chamada,nome_pessoa,morada_local,num_processo_socorro) values (843636590,2018-09-00 20:14:29,nomepessoa,moradalocal,0872);
insert into eventoemergencia (num_telefone,instante_chamada,nome_pessoa,morada_local,num_processo_socorro) values (476922515,2018-09-01 20:22:56,nomepessoa,moradalocal,7373);
insert into eventoemergencia (num_telefone,instante_chamada,nome_pessoa,morada_local,num_processo_socorro) values (849594895,2018-04-00 20:51:21,nomepessoa,moradalocal,2374);
insert into eventoemergencia (num_telefone,instante_chamada,nome_pessoa,morada_local,num_processo_socorro) values (503050238,2018-04-03 20:00:14,nomepessoa,moradalocal,5675);
insert into eventoemergencia (num_telefone,instante_chamada,nome_pessoa,morada_local,num_processo_socorro) values (686806600,2018-03-08 20:12:54,nomepessoa,moradalocal,2576);
insert into eventoemergencia (num_telefone,instante_chamada,nome_pessoa,morada_local,num_processo_socorro) values (718762472,2018-06-09 20:11:29,nomepessoa,moradalocal,6777);
insert into eventoemergencia (num_telefone,instante_chamada,nome_pessoa,morada_local,num_processo_socorro) values (003395533,2018-05-01 20:22:56,nomepessoa,moradalocal,7078);
insert into eventoemergencia (num_telefone,instante_chamada,nome_pessoa,morada_local,num_processo_socorro) values (762245530,2018-07-04 20:13:13,nomepessoa,moradalocal,9379);
insert into eventoemergencia (num_telefone,instante_chamada,nome_pessoa,morada_local,num_processo_socorro) values (028463488,2018-02-05 20:28:27,nomepessoa,moradalocal,7080);
insert into eventoemergencia (num_telefone,instante_chamada,nome_pessoa,morada_local,num_processo_socorro) values (824494085,2018-06-00 20:58:56,nomepessoa,moradalocal,9681);
insert into eventoemergencia (num_telefone,instante_chamada,nome_pessoa,morada_local,num_processo_socorro) values (080261301,2018-01-01 20:22:08,nomepessoa,moradalocal,3282);
insert into eventoemergencia (num_telefone,instante_chamada,nome_pessoa,morada_local,num_processo_socorro) values (107304179,2018-09-03 20:06:15,nomepessoa,moradalocal,1383);
insert into eventoemergencia (num_telefone,instante_chamada,nome_pessoa,morada_local,num_processo_socorro) values (672939496,2018-02-02 20:04:38,nomepessoa,moradalocal,8684);
insert into eventoemergencia (num_telefone,instante_chamada,nome_pessoa,morada_local,num_processo_socorro) values (371368873,2018-05-07 20:02:31,nomepessoa,moradalocal,2185);
insert into eventoemergencia (num_telefone,instante_chamada,nome_pessoa,morada_local,num_processo_socorro) values (321343118,2018-09-05 20:47:05,nomepessoa,moradalocal,9386);
insert into eventoemergencia (num_telefone,instante_chamada,nome_pessoa,morada_local,num_processo_socorro) values (691961188,2018-04-04 20:02:02,nomepessoa,moradalocal,3687);
insert into eventoemergencia (num_telefone,instante_chamada,nome_pessoa,morada_local,num_processo_socorro) values (061839164,2018-00-05 20:36:32,nomepessoa,moradalocal,9088);
insert into eventoemergencia (num_telefone,instante_chamada,nome_pessoa,morada_local,num_processo_socorro) values (955790490,2018-01-08 20:22:24,nomepessoa,moradalocal,5589);
insert into eventoemergencia (num_telefone,instante_chamada,nome_pessoa,morada_local,num_processo_socorro) values (588637181,2018-03-01 20:16:52,nomepessoa,moradalocal,3590);
insert into eventoemergencia (num_telefone,instante_chamada,nome_pessoa,morada_local,num_processo_socorro) values (624518643,2018-02-03 20:43:58,nomepessoa,moradalocal,8791);
insert into eventoemergencia (num_telefone,instante_chamada,nome_pessoa,morada_local,num_processo_socorro) values (986951842,2018-08-01 20:42:19,nomepessoa,moradalocal,1392);
insert into eventoemergencia (num_telefone,instante_chamada,nome_pessoa,morada_local,num_processo_socorro) values (551879452,2018-02-02 20:57:12,nomepessoa,moradalocal,1093);
insert into eventoemergencia (num_telefone,instante_chamada,nome_pessoa,morada_local,num_processo_socorro) values (096387924,2018-00-06 20:22:18,nomepessoa,moradalocal,9594);
insert into eventoemergencia (num_telefone,instante_chamada,nome_pessoa,morada_local,num_processo_socorro) values (362335211,2018-03-05 20:19:14,nomepessoa,moradalocal,8495);
insert into eventoemergencia (num_telefone,instante_chamada,nome_pessoa,morada_local,num_processo_socorro) values (385398628,2018-09-09 20:49:43,nomepessoa,moradalocal,1496);
insert into eventoemergencia (num_telefone,instante_chamada,nome_pessoa,morada_local,num_processo_socorro) values (442595548,2018-03-04 20:39:45,nomepessoa,moradalocal,2897);
insert into eventoemergencia (num_telefone,instante_chamada,nome_pessoa,morada_local,num_processo_socorro) values (115430306,2018-03-04 20:27:23,nomepessoa,moradalocal,5898);
insert into eventoemergencia (num_telefone,instante_chamada,nome_pessoa,morada_local,num_processo_socorro) values (242680823,2018-02-01 20:38:02,nomepessoa,moradalocal,3699);


-- ACERTAR NUMERO ----------------------

insert into processosocorro values (570);
insert into processosocorro values (871);
insert into processosocorro values (282);
insert into processosocorro values (313);
insert into processosocorro values (594);
insert into processosocorro values (865);
insert into processosocorro values (226);
insert into processosocorro values (717);
insert into processosocorro values (978);
insert into processosocorro values (159);
insert into processosocorro values (8310);
insert into processosocorro values (7411);
insert into processosocorro values (6912);
insert into processosocorro values (7613);
insert into processosocorro values (9514);
insert into processosocorro values (0115);
insert into processosocorro values (8616);
insert into processosocorro values (2117);
insert into processosocorro values (1518);
insert into processosocorro values (4619);
insert into processosocorro values (2220);
insert into processosocorro values (6421);
insert into processosocorro values (4322);
insert into processosocorro values (1423);
insert into processosocorro values (5424);
insert into processosocorro values (7725);
insert into processosocorro values (6226);
insert into processosocorro values (5127);
insert into processosocorro values (9428);
insert into processosocorro values (9529);
insert into processosocorro values (9330);
insert into processosocorro values (0731);
insert into processosocorro values (7132);
insert into processosocorro values (4233);
insert into processosocorro values (8334);
insert into processosocorro values (4135);
insert into processosocorro values (5236);
insert into processosocorro values (3537);
insert into processosocorro values (0438);
insert into processosocorro values (8439);
insert into processosocorro values (7740);
insert into processosocorro values (8541);
insert into processosocorro values (9842);
insert into processosocorro values (4543);
insert into processosocorro values (4844);
insert into processosocorro values (7745);
insert into processosocorro values (4946);
insert into processosocorro values (5547);
insert into processosocorro values (0548);
insert into processosocorro values (2849);
insert into processosocorro values (9950);
insert into processosocorro values (5751);
insert into processosocorro values (1252);
insert into processosocorro values (2653);
insert into processosocorro values (7354);
insert into processosocorro values (6255);
insert into processosocorro values (2356);
insert into processosocorro values (9857);
insert into processosocorro values (3358);
insert into processosocorro values (9959);
insert into processosocorro values (2460);
insert into processosocorro values (8461);
insert into processosocorro values (1462);
insert into processosocorro values (8963);
insert into processosocorro values (9964);
insert into processosocorro values (1065);
insert into processosocorro values (7666);
insert into processosocorro values (3867);
insert into processosocorro values (3468);
insert into processosocorro values (7069);
insert into processosocorro values (7870);
insert into processosocorro values (0371);
insert into processosocorro values (6572);
insert into processosocorro values (6273);
insert into processosocorro values (1474);
insert into processosocorro values (3975);
insert into processosocorro values (3176);
insert into processosocorro values (6177);
insert into processosocorro values (7378);
insert into processosocorro values (8779);
insert into processosocorro values (9480);
insert into processosocorro values (6781);
insert into processosocorro values (0782);
insert into processosocorro values (5583);
insert into processosocorro values (5084);
insert into processosocorro values (8585);
insert into processosocorro values (6286);
insert into processosocorro values (9287);
insert into processosocorro values (8788);
insert into processosocorro values (8689);
insert into processosocorro values (2790);
insert into processosocorro values (7991);
insert into processosocorro values (8992);
insert into processosocorro values (2893);
insert into processosocorro values (1494);
insert into processosocorro values (5195);
insert into processosocorro values (9296);
insert into processosocorro values (4097);
insert into processosocorro values (0198);
insert into processosocorro values (7999);

insert into entidademeio values ('Bombeiros Lisboa');
insert into entidademeio values ('Protecao Civil Lisboa');
insert into entidademeio values ('Policia Lisboa');
insert into entidademeio values ('Policia Maritima Lisboa');
insert into entidademeio values ('Camara Municipal Lisboa');
insert into entidademeio values ('Bombeiros Monchique');
insert into entidademeio values ('Protecao Civil Monchique');
insert into entidademeio values ('Policia Monchique');
insert into entidademeio values ('Policia Maritima Monchique');
insert into entidademeio values ('Camara Municipal Monchique');
insert into entidademeio values ('Bombeiros Ponta Delgada');
insert into entidademeio values ('Protecao Civil Ponta Delgada');
insert into entidademeio values ('Policia Ponta Delgada');
insert into entidademeio values ('Policia Maritima Ponta Delgada');
insert into entidademeio values ('Camara Municipal Ponta Delgada');
insert into entidademeio values ('Bombeiros Ribeira Grande');
insert into entidademeio values ('Protecao Civil Ribeira Grande');
insert into entidademeio values ('Policia Ribeira Grande');
insert into entidademeio values ('Policia Maritima Ribeira Grande');
insert into entidademeio values ('Camara Municipal Ribeira Grande');
insert into entidademeio values ('Bombeiros Porto');
insert into entidademeio values ('Protecao Civil Porto');
insert into entidademeio values ('Policia Porto');
insert into entidademeio values ('Policia Maritima Porto');
insert into entidademeio values ('Camara Municipal Porto');
insert into entidademeio values ('Bombeiros Aveiro');
insert into entidademeio values ('Protecao Civil Aveiro');
insert into entidademeio values ('Policia Aveiro');
insert into entidademeio values ('Policia Maritima Aveiro');
insert into entidademeio values ('Camara Municipal Aveiro');
insert into entidademeio values ('Bombeiros Faro');
insert into entidademeio values ('Protecao Civil Faro');
insert into entidademeio values ('Policia Faro');
insert into entidademeio values ('Policia Maritima Faro');
insert into entidademeio values ('Camara Municipal Faro');
insert into entidademeio values ('Bombeiros Beja');
insert into entidademeio values ('Protecao Civil Beja');
insert into entidademeio values ('Policia Beja');
insert into entidademeio values ('Policia Maritima Beja');
insert into entidademeio values ('Camara Municipal Beja');
insert into entidademeio values ('Bombeiros Abrantes');
insert into entidademeio values ('Protecao Civil Abrantes');
insert into entidademeio values ('Policia Abrantes');
insert into entidademeio values ('Policia Maritima Abrantes');
insert into entidademeio values ('Camara Municipal Abrantes');
insert into entidademeio values ('Bombeiros Coimbra');
insert into entidademeio values ('Protecao Civil Coimbra');
insert into entidademeio values ('Policia Coimbra');
insert into entidademeio values ('Policia Maritima Coimbra');
insert into entidademeio values ('Camara Municipal Coimbra');
insert into entidademeio values ('Bombeiros Leiria');
insert into entidademeio values ('Protecao Civil Leiria');
insert into entidademeio values ('Policia Leiria');
insert into entidademeio values ('Policia Maritima Leiria');
insert into entidademeio values ('Camara Municipal Leiria');
insert into entidademeio values ('Bombeiros Braga');
insert into entidademeio values ('Protecao Civil Braga');
insert into entidademeio values ('Policia Braga');
insert into entidademeio values ('Policia Maritima Braga');
insert into entidademeio values ('Camara Municipal Braga');
insert into entidademeio values ('Bombeiros Angra do Heroismo');
insert into entidademeio values ('Protecao Civil Angra do Heroismo');
insert into entidademeio values ('Policia Angra do Heroismo');
insert into entidademeio values ('Policia Maritima Angra do Heroismo');
insert into entidademeio values ('Camara Municipal Angra do Heroismo');
insert into entidademeio values ('Bombeiros Guimaraes');
insert into entidademeio values ('Protecao Civil Guimaraes');
insert into entidademeio values ('Policia Guimaraes');
insert into entidademeio values ('Policia Maritima Guimaraes');
insert into entidademeio values ('Camara Municipal Guimaraes');
insert into entidademeio values ('Bombeiros Castelo Branco');
insert into entidademeio values ('Protecao Civil Castelo Branco');
insert into entidademeio values ('Policia Castelo Branco');
insert into entidademeio values ('Policia Maritima Castelo Branco');
insert into entidademeio values ('Camara Municipal Castelo Branco');
insert into entidademeio values ('Bombeiros Oliveira do Hospital');
insert into entidademeio values ('Protecao Civil Oliveira do Hospital');
insert into entidademeio values ('Policia Oliveira do Hospital');
insert into entidademeio values ('Policia Maritima Oliveira do Hospital');
insert into entidademeio values ('Camara Municipal Oliveira do Hospital');
insert into entidademeio values ('Bombeiros Varzim');
insert into entidademeio values ('Protecao Civil Varzim');
insert into entidademeio values ('Policia Varzim');
insert into entidademeio values ('Policia Maritima Varzim');
insert into entidademeio values ('Camara Municipal Varzim');
insert into entidademeio values ('Bombeiros Montijo');
insert into entidademeio values ('Protecao Civil Montijo');
insert into entidademeio values ('Policia Montijo');
insert into entidademeio values ('Policia Maritima Montijo');
insert into entidademeio values ('Camara Municipal Montijo');
insert into entidademeio values ('Bombeiros Tondela');
insert into entidademeio values ('Protecao Civil Tondela');
insert into entidademeio values ('Policia Tondela');
insert into entidademeio values ('Policia Maritima Tondela');
insert into entidademeio values ('Camara Municipal Tondela');
insert into entidademeio values ('Bombeiros Portalegre');
insert into entidademeio values ('Protecao Civil Portalegre');
insert into entidademeio values ('Policia Portalegre');
insert into entidademeio values ('Policia Maritima Portalegre');
insert into entidademeio values ('Camara Municipal Portalegre');


-- ACERTAR NOME DE MEIO E ENTIDADE

insert into meio (num_meio,nome_meio,nome_entidade) values (0, nomeMeio, nomeEntidade);
insert into meio (num_meio,nome_meio,nome_entidade) values (1, nomeMeio, nomeEntidade);
insert into meio (num_meio,nome_meio,nome_entidade) values (2, nomeMeio, nomeEntidade);
insert into meio (num_meio,nome_meio,nome_entidade) values (3, nomeMeio, nomeEntidade);
insert into meio (num_meio,nome_meio,nome_entidade) values (4, nomeMeio, nomeEntidade);
insert into meio (num_meio,nome_meio,nome_entidade) values (5, nomeMeio, nomeEntidade);
insert into meio (num_meio,nome_meio,nome_entidade) values (6, nomeMeio, nomeEntidade);
insert into meio (num_meio,nome_meio,nome_entidade) values (7, nomeMeio, nomeEntidade);
insert into meio (num_meio,nome_meio,nome_entidade) values (8, nomeMeio, nomeEntidade);
insert into meio (num_meio,nome_meio,nome_entidade) values (9, nomeMeio, nomeEntidade);
insert into meio (num_meio,nome_meio,nome_entidade) values (10, nomeMeio, nomeEntidade);
insert into meio (num_meio,nome_meio,nome_entidade) values (11, nomeMeio, nomeEntidade);
insert into meio (num_meio,nome_meio,nome_entidade) values (12, nomeMeio, nomeEntidade);
insert into meio (num_meio,nome_meio,nome_entidade) values (13, nomeMeio, nomeEntidade);
insert into meio (num_meio,nome_meio,nome_entidade) values (14, nomeMeio, nomeEntidade);
insert into meio (num_meio,nome_meio,nome_entidade) values (15, nomeMeio, nomeEntidade);
insert into meio (num_meio,nome_meio,nome_entidade) values (16, nomeMeio, nomeEntidade);
insert into meio (num_meio,nome_meio,nome_entidade) values (17, nomeMeio, nomeEntidade);
insert into meio (num_meio,nome_meio,nome_entidade) values (18, nomeMeio, nomeEntidade);
insert into meio (num_meio,nome_meio,nome_entidade) values (19, nomeMeio, nomeEntidade);
insert into meio (num_meio,nome_meio,nome_entidade) values (20, nomeMeio, nomeEntidade);
insert into meio (num_meio,nome_meio,nome_entidade) values (21, nomeMeio, nomeEntidade);
insert into meio (num_meio,nome_meio,nome_entidade) values (22, nomeMeio, nomeEntidade);
insert into meio (num_meio,nome_meio,nome_entidade) values (23, nomeMeio, nomeEntidade);
insert into meio (num_meio,nome_meio,nome_entidade) values (24, nomeMeio, nomeEntidade);
insert into meio (num_meio,nome_meio,nome_entidade) values (25, nomeMeio, nomeEntidade);
insert into meio (num_meio,nome_meio,nome_entidade) values (26, nomeMeio, nomeEntidade);
insert into meio (num_meio,nome_meio,nome_entidade) values (27, nomeMeio, nomeEntidade);
insert into meio (num_meio,nome_meio,nome_entidade) values (28, nomeMeio, nomeEntidade);
insert into meio (num_meio,nome_meio,nome_entidade) values (29, nomeMeio, nomeEntidade);
insert into meio (num_meio,nome_meio,nome_entidade) values (30, nomeMeio, nomeEntidade);
insert into meio (num_meio,nome_meio,nome_entidade) values (31, nomeMeio, nomeEntidade);
insert into meio (num_meio,nome_meio,nome_entidade) values (32, nomeMeio, nomeEntidade);
insert into meio (num_meio,nome_meio,nome_entidade) values (33, nomeMeio, nomeEntidade);
insert into meio (num_meio,nome_meio,nome_entidade) values (34, nomeMeio, nomeEntidade);
insert into meio (num_meio,nome_meio,nome_entidade) values (35, nomeMeio, nomeEntidade);
insert into meio (num_meio,nome_meio,nome_entidade) values (36, nomeMeio, nomeEntidade);
insert into meio (num_meio,nome_meio,nome_entidade) values (37, nomeMeio, nomeEntidade);
insert into meio (num_meio,nome_meio,nome_entidade) values (38, nomeMeio, nomeEntidade);
insert into meio (num_meio,nome_meio,nome_entidade) values (39, nomeMeio, nomeEntidade);
insert into meio (num_meio,nome_meio,nome_entidade) values (40, nomeMeio, nomeEntidade);
insert into meio (num_meio,nome_meio,nome_entidade) values (41, nomeMeio, nomeEntidade);
insert into meio (num_meio,nome_meio,nome_entidade) values (42, nomeMeio, nomeEntidade);
insert into meio (num_meio,nome_meio,nome_entidade) values (43, nomeMeio, nomeEntidade);
insert into meio (num_meio,nome_meio,nome_entidade) values (44, nomeMeio, nomeEntidade);
insert into meio (num_meio,nome_meio,nome_entidade) values (45, nomeMeio, nomeEntidade);
insert into meio (num_meio,nome_meio,nome_entidade) values (46, nomeMeio, nomeEntidade);
insert into meio (num_meio,nome_meio,nome_entidade) values (47, nomeMeio, nomeEntidade);
insert into meio (num_meio,nome_meio,nome_entidade) values (48, nomeMeio, nomeEntidade);
insert into meio (num_meio,nome_meio,nome_entidade) values (49, nomeMeio, nomeEntidade);
insert into meio (num_meio,nome_meio,nome_entidade) values (50, nomeMeio, nomeEntidade);
insert into meio (num_meio,nome_meio,nome_entidade) values (51, nomeMeio, nomeEntidade);
insert into meio (num_meio,nome_meio,nome_entidade) values (52, nomeMeio, nomeEntidade);
insert into meio (num_meio,nome_meio,nome_entidade) values (53, nomeMeio, nomeEntidade);
insert into meio (num_meio,nome_meio,nome_entidade) values (54, nomeMeio, nomeEntidade);
insert into meio (num_meio,nome_meio,nome_entidade) values (55, nomeMeio, nomeEntidade);
insert into meio (num_meio,nome_meio,nome_entidade) values (56, nomeMeio, nomeEntidade);
insert into meio (num_meio,nome_meio,nome_entidade) values (57, nomeMeio, nomeEntidade);
insert into meio (num_meio,nome_meio,nome_entidade) values (58, nomeMeio, nomeEntidade);
insert into meio (num_meio,nome_meio,nome_entidade) values (59, nomeMeio, nomeEntidade);
insert into meio (num_meio,nome_meio,nome_entidade) values (60, nomeMeio, nomeEntidade);
insert into meio (num_meio,nome_meio,nome_entidade) values (61, nomeMeio, nomeEntidade);
insert into meio (num_meio,nome_meio,nome_entidade) values (62, nomeMeio, nomeEntidade);
insert into meio (num_meio,nome_meio,nome_entidade) values (63, nomeMeio, nomeEntidade);
insert into meio (num_meio,nome_meio,nome_entidade) values (64, nomeMeio, nomeEntidade);
insert into meio (num_meio,nome_meio,nome_entidade) values (65, nomeMeio, nomeEntidade);
insert into meio (num_meio,nome_meio,nome_entidade) values (66, nomeMeio, nomeEntidade);
insert into meio (num_meio,nome_meio,nome_entidade) values (67, nomeMeio, nomeEntidade);
insert into meio (num_meio,nome_meio,nome_entidade) values (68, nomeMeio, nomeEntidade);
insert into meio (num_meio,nome_meio,nome_entidade) values (69, nomeMeio, nomeEntidade);
insert into meio (num_meio,nome_meio,nome_entidade) values (70, nomeMeio, nomeEntidade);
insert into meio (num_meio,nome_meio,nome_entidade) values (71, nomeMeio, nomeEntidade);
insert into meio (num_meio,nome_meio,nome_entidade) values (72, nomeMeio, nomeEntidade);
insert into meio (num_meio,nome_meio,nome_entidade) values (73, nomeMeio, nomeEntidade);
insert into meio (num_meio,nome_meio,nome_entidade) values (74, nomeMeio, nomeEntidade);
insert into meio (num_meio,nome_meio,nome_entidade) values (75, nomeMeio, nomeEntidade);
insert into meio (num_meio,nome_meio,nome_entidade) values (76, nomeMeio, nomeEntidade);
insert into meio (num_meio,nome_meio,nome_entidade) values (77, nomeMeio, nomeEntidade);
insert into meio (num_meio,nome_meio,nome_entidade) values (78, nomeMeio, nomeEntidade);
insert into meio (num_meio,nome_meio,nome_entidade) values (79, nomeMeio, nomeEntidade);
insert into meio (num_meio,nome_meio,nome_entidade) values (80, nomeMeio, nomeEntidade);
insert into meio (num_meio,nome_meio,nome_entidade) values (81, nomeMeio, nomeEntidade);
insert into meio (num_meio,nome_meio,nome_entidade) values (82, nomeMeio, nomeEntidade);
insert into meio (num_meio,nome_meio,nome_entidade) values (83, nomeMeio, nomeEntidade);
insert into meio (num_meio,nome_meio,nome_entidade) values (84, nomeMeio, nomeEntidade);
insert into meio (num_meio,nome_meio,nome_entidade) values (85, nomeMeio, nomeEntidade);
insert into meio (num_meio,nome_meio,nome_entidade) values (86, nomeMeio, nomeEntidade);
insert into meio (num_meio,nome_meio,nome_entidade) values (87, nomeMeio, nomeEntidade);
insert into meio (num_meio,nome_meio,nome_entidade) values (88, nomeMeio, nomeEntidade);
insert into meio (num_meio,nome_meio,nome_entidade) values (89, nomeMeio, nomeEntidade);
insert into meio (num_meio,nome_meio,nome_entidade) values (90, nomeMeio, nomeEntidade);
insert into meio (num_meio,nome_meio,nome_entidade) values (91, nomeMeio, nomeEntidade);
insert into meio (num_meio,nome_meio,nome_entidade) values (92, nomeMeio, nomeEntidade);
insert into meio (num_meio,nome_meio,nome_entidade) values (93, nomeMeio, nomeEntidade);
insert into meio (num_meio,nome_meio,nome_entidade) values (94, nomeMeio, nomeEntidade);
insert into meio (num_meio,nome_meio,nome_entidade) values (95, nomeMeio, nomeEntidade);
insert into meio (num_meio,nome_meio,nome_entidade) values (96, nomeMeio, nomeEntidade);
insert into meio (num_meio,nome_meio,nome_entidade) values (97, nomeMeio, nomeEntidade);
insert into meio (num_meio,nome_meio,nome_entidade) values (98, nomeMeio, nomeEntidade);
insert into meio (num_meio,nome_meio,nome_entidade) values (99, nomeMeio, nomeEntidade);
insert into meio (num_meio,nome_meio,nome_entidade) values (100, nomeMeio, nomeEntidade);
insert into meio (num_meio,nome_meio,nome_entidade) values (101, nomeMeio, nomeEntidade);
insert into meio (num_meio,nome_meio,nome_entidade) values (102, nomeMeio, nomeEntidade);
insert into meio (num_meio,nome_meio,nome_entidade) values (103, nomeMeio, nomeEntidade);
insert into meio (num_meio,nome_meio,nome_entidade) values (104, nomeMeio, nomeEntidade);
insert into meio (num_meio,nome_meio,nome_entidade) values (105, nomeMeio, nomeEntidade);
insert into meio (num_meio,nome_meio,nome_entidade) values (106, nomeMeio, nomeEntidade);
insert into meio (num_meio,nome_meio,nome_entidade) values (107, nomeMeio, nomeEntidade);
insert into meio (num_meio,nome_meio,nome_entidade) values (108, nomeMeio, nomeEntidade);
insert into meio (num_meio,nome_meio,nome_entidade) values (109, nomeMeio, nomeEntidade);
insert into meio (num_meio,nome_meio,nome_entidade) values (110, nomeMeio, nomeEntidade);
insert into meio (num_meio,nome_meio,nome_entidade) values (111, nomeMeio, nomeEntidade);
insert into meio (num_meio,nome_meio,nome_entidade) values (112, nomeMeio, nomeEntidade);
insert into meio (num_meio,nome_meio,nome_entidade) values (113, nomeMeio, nomeEntidade);
insert into meio (num_meio,nome_meio,nome_entidade) values (114, nomeMeio, nomeEntidade);
insert into meio (num_meio,nome_meio,nome_entidade) values (115, nomeMeio, nomeEntidade);
insert into meio (num_meio,nome_meio,nome_entidade) values (116, nomeMeio, nomeEntidade);
insert into meio (num_meio,nome_meio,nome_entidade) values (117, nomeMeio, nomeEntidade);
insert into meio (num_meio,nome_meio,nome_entidade) values (118, nomeMeio, nomeEntidade);
insert into meio (num_meio,nome_meio,nome_entidade) values (119, nomeMeio, nomeEntidade);
insert into meio (num_meio,nome_meio,nome_entidade) values (120, nomeMeio, nomeEntidade);
insert into meio (num_meio,nome_meio,nome_entidade) values (121, nomeMeio, nomeEntidade);
insert into meio (num_meio,nome_meio,nome_entidade) values (122, nomeMeio, nomeEntidade);
insert into meio (num_meio,nome_meio,nome_entidade) values (123, nomeMeio, nomeEntidade);
insert into meio (num_meio,nome_meio,nome_entidade) values (124, nomeMeio, nomeEntidade);
insert into meio (num_meio,nome_meio,nome_entidade) values (125, nomeMeio, nomeEntidade);
insert into meio (num_meio,nome_meio,nome_entidade) values (126, nomeMeio, nomeEntidade);
insert into meio (num_meio,nome_meio,nome_entidade) values (127, nomeMeio, nomeEntidade);
insert into meio (num_meio,nome_meio,nome_entidade) values (128, nomeMeio, nomeEntidade);
insert into meio (num_meio,nome_meio,nome_entidade) values (129, nomeMeio, nomeEntidade);
insert into meio (num_meio,nome_meio,nome_entidade) values (130, nomeMeio, nomeEntidade);
insert into meio (num_meio,nome_meio,nome_entidade) values (131, nomeMeio, nomeEntidade);
insert into meio (num_meio,nome_meio,nome_entidade) values (132, nomeMeio, nomeEntidade);
insert into meio (num_meio,nome_meio,nome_entidade) values (133, nomeMeio, nomeEntidade);
insert into meio (num_meio,nome_meio,nome_entidade) values (134, nomeMeio, nomeEntidade);
insert into meio (num_meio,nome_meio,nome_entidade) values (135, nomeMeio, nomeEntidade);
insert into meio (num_meio,nome_meio,nome_entidade) values (136, nomeMeio, nomeEntidade);
insert into meio (num_meio,nome_meio,nome_entidade) values (137, nomeMeio, nomeEntidade);
insert into meio (num_meio,nome_meio,nome_entidade) values (138, nomeMeio, nomeEntidade);
insert into meio (num_meio,nome_meio,nome_entidade) values (139, nomeMeio, nomeEntidade);
insert into meio (num_meio,nome_meio,nome_entidade) values (140, nomeMeio, nomeEntidade);
insert into meio (num_meio,nome_meio,nome_entidade) values (141, nomeMeio, nomeEntidade);
insert into meio (num_meio,nome_meio,nome_entidade) values (142, nomeMeio, nomeEntidade);
insert into meio (num_meio,nome_meio,nome_entidade) values (143, nomeMeio, nomeEntidade);
insert into meio (num_meio,nome_meio,nome_entidade) values (144, nomeMeio, nomeEntidade);
insert into meio (num_meio,nome_meio,nome_entidade) values (145, nomeMeio, nomeEntidade);
insert into meio (num_meio,nome_meio,nome_entidade) values (146, nomeMeio, nomeEntidade);
insert into meio (num_meio,nome_meio,nome_entidade) values (147, nomeMeio, nomeEntidade);
insert into meio (num_meio,nome_meio,nome_entidade) values (148, nomeMeio, nomeEntidade);
insert into meio (num_meio,nome_meio,nome_entidade) values (149, nomeMeio, nomeEntidade);
insert into meio (num_meio,nome_meio,nome_entidade) values (150, nomeMeio, nomeEntidade);
insert into meio (num_meio,nome_meio,nome_entidade) values (151, nomeMeio, nomeEntidade);
insert into meio (num_meio,nome_meio,nome_entidade) values (152, nomeMeio, nomeEntidade);
insert into meio (num_meio,nome_meio,nome_entidade) values (153, nomeMeio, nomeEntidade);
insert into meio (num_meio,nome_meio,nome_entidade) values (154, nomeMeio, nomeEntidade);
insert into meio (num_meio,nome_meio,nome_entidade) values (155, nomeMeio, nomeEntidade);
insert into meio (num_meio,nome_meio,nome_entidade) values (156, nomeMeio, nomeEntidade);
insert into meio (num_meio,nome_meio,nome_entidade) values (157, nomeMeio, nomeEntidade);
insert into meio (num_meio,nome_meio,nome_entidade) values (158, nomeMeio, nomeEntidade);
insert into meio (num_meio,nome_meio,nome_entidade) values (159, nomeMeio, nomeEntidade);
insert into meio (num_meio,nome_meio,nome_entidade) values (160, nomeMeio, nomeEntidade);
insert into meio (num_meio,nome_meio,nome_entidade) values (161, nomeMeio, nomeEntidade);
insert into meio (num_meio,nome_meio,nome_entidade) values (162, nomeMeio, nomeEntidade);
insert into meio (num_meio,nome_meio,nome_entidade) values (163, nomeMeio, nomeEntidade);
insert into meio (num_meio,nome_meio,nome_entidade) values (164, nomeMeio, nomeEntidade);
insert into meio (num_meio,nome_meio,nome_entidade) values (165, nomeMeio, nomeEntidade);
insert into meio (num_meio,nome_meio,nome_entidade) values (166, nomeMeio, nomeEntidade);
insert into meio (num_meio,nome_meio,nome_entidade) values (167, nomeMeio, nomeEntidade);
insert into meio (num_meio,nome_meio,nome_entidade) values (168, nomeMeio, nomeEntidade);
insert into meio (num_meio,nome_meio,nome_entidade) values (169, nomeMeio, nomeEntidade);
insert into meio (num_meio,nome_meio,nome_entidade) values (170, nomeMeio, nomeEntidade);
insert into meio (num_meio,nome_meio,nome_entidade) values (171, nomeMeio, nomeEntidade);
insert into meio (num_meio,nome_meio,nome_entidade) values (172, nomeMeio, nomeEntidade);
insert into meio (num_meio,nome_meio,nome_entidade) values (173, nomeMeio, nomeEntidade);
insert into meio (num_meio,nome_meio,nome_entidade) values (174, nomeMeio, nomeEntidade);
insert into meio (num_meio,nome_meio,nome_entidade) values (175, nomeMeio, nomeEntidade);
insert into meio (num_meio,nome_meio,nome_entidade) values (176, nomeMeio, nomeEntidade);
insert into meio (num_meio,nome_meio,nome_entidade) values (177, nomeMeio, nomeEntidade);
insert into meio (num_meio,nome_meio,nome_entidade) values (178, nomeMeio, nomeEntidade);
insert into meio (num_meio,nome_meio,nome_entidade) values (179, nomeMeio, nomeEntidade);
insert into meio (num_meio,nome_meio,nome_entidade) values (180, nomeMeio, nomeEntidade);
insert into meio (num_meio,nome_meio,nome_entidade) values (181, nomeMeio, nomeEntidade);
insert into meio (num_meio,nome_meio,nome_entidade) values (182, nomeMeio, nomeEntidade);
insert into meio (num_meio,nome_meio,nome_entidade) values (183, nomeMeio, nomeEntidade);
insert into meio (num_meio,nome_meio,nome_entidade) values (184, nomeMeio, nomeEntidade);
insert into meio (num_meio,nome_meio,nome_entidade) values (185, nomeMeio, nomeEntidade);
insert into meio (num_meio,nome_meio,nome_entidade) values (186, nomeMeio, nomeEntidade);
insert into meio (num_meio,nome_meio,nome_entidade) values (187, nomeMeio, nomeEntidade);
insert into meio (num_meio,nome_meio,nome_entidade) values (188, nomeMeio, nomeEntidade);
insert into meio (num_meio,nome_meio,nome_entidade) values (189, nomeMeio, nomeEntidade);
insert into meio (num_meio,nome_meio,nome_entidade) values (190, nomeMeio, nomeEntidade);
insert into meio (num_meio,nome_meio,nome_entidade) values (191, nomeMeio, nomeEntidade);
insert into meio (num_meio,nome_meio,nome_entidade) values (192, nomeMeio, nomeEntidade);
insert into meio (num_meio,nome_meio,nome_entidade) values (193, nomeMeio, nomeEntidade);
insert into meio (num_meio,nome_meio,nome_entidade) values (194, nomeMeio, nomeEntidade);
insert into meio (num_meio,nome_meio,nome_entidade) values (195, nomeMeio, nomeEntidade);
insert into meio (num_meio,nome_meio,nome_entidade) values (196, nomeMeio, nomeEntidade);
insert into meio (num_meio,nome_meio,nome_entidade) values (197, nomeMeio, nomeEntidade);
insert into meio (num_meio,nome_meio,nome_entidade) values (198, nomeMeio, nomeEntidade);
insert into meio (num_meio,nome_meio,nome_entidade) values (199, nomeMeio, nomeEntidade);
insert into meio (num_meio,nome_meio,nome_entidade) values (200, nomeMeio, nomeEntidade);
insert into meio (num_meio,nome_meio,nome_entidade) values (201, nomeMeio, nomeEntidade);
insert into meio (num_meio,nome_meio,nome_entidade) values (202, nomeMeio, nomeEntidade);
insert into meio (num_meio,nome_meio,nome_entidade) values (203, nomeMeio, nomeEntidade);
insert into meio (num_meio,nome_meio,nome_entidade) values (204, nomeMeio, nomeEntidade);
insert into meio (num_meio,nome_meio,nome_entidade) values (205, nomeMeio, nomeEntidade);
insert into meio (num_meio,nome_meio,nome_entidade) values (206, nomeMeio, nomeEntidade);
insert into meio (num_meio,nome_meio,nome_entidade) values (207, nomeMeio, nomeEntidade);
insert into meio (num_meio,nome_meio,nome_entidade) values (208, nomeMeio, nomeEntidade);
insert into meio (num_meio,nome_meio,nome_entidade) values (209, nomeMeio, nomeEntidade);
insert into meio (num_meio,nome_meio,nome_entidade) values (210, nomeMeio, nomeEntidade);
insert into meio (num_meio,nome_meio,nome_entidade) values (211, nomeMeio, nomeEntidade);
insert into meio (num_meio,nome_meio,nome_entidade) values (212, nomeMeio, nomeEntidade);
insert into meio (num_meio,nome_meio,nome_entidade) values (213, nomeMeio, nomeEntidade);
insert into meio (num_meio,nome_meio,nome_entidade) values (214, nomeMeio, nomeEntidade);
insert into meio (num_meio,nome_meio,nome_entidade) values (215, nomeMeio, nomeEntidade);
insert into meio (num_meio,nome_meio,nome_entidade) values (216, nomeMeio, nomeEntidade);
insert into meio (num_meio,nome_meio,nome_entidade) values (217, nomeMeio, nomeEntidade);
insert into meio (num_meio,nome_meio,nome_entidade) values (218, nomeMeio, nomeEntidade);
insert into meio (num_meio,nome_meio,nome_entidade) values (219, nomeMeio, nomeEntidade);
insert into meio (num_meio,nome_meio,nome_entidade) values (220, nomeMeio, nomeEntidade);
insert into meio (num_meio,nome_meio,nome_entidade) values (221, nomeMeio, nomeEntidade);
insert into meio (num_meio,nome_meio,nome_entidade) values (222, nomeMeio, nomeEntidade);
insert into meio (num_meio,nome_meio,nome_entidade) values (223, nomeMeio, nomeEntidade);
insert into meio (num_meio,nome_meio,nome_entidade) values (224, nomeMeio, nomeEntidade);
insert into meio (num_meio,nome_meio,nome_entidade) values (225, nomeMeio, nomeEntidade);
insert into meio (num_meio,nome_meio,nome_entidade) values (226, nomeMeio, nomeEntidade);
insert into meio (num_meio,nome_meio,nome_entidade) values (227, nomeMeio, nomeEntidade);
insert into meio (num_meio,nome_meio,nome_entidade) values (228, nomeMeio, nomeEntidade);
insert into meio (num_meio,nome_meio,nome_entidade) values (229, nomeMeio, nomeEntidade);
insert into meio (num_meio,nome_meio,nome_entidade) values (230, nomeMeio, nomeEntidade);
insert into meio (num_meio,nome_meio,nome_entidade) values (231, nomeMeio, nomeEntidade);
insert into meio (num_meio,nome_meio,nome_entidade) values (232, nomeMeio, nomeEntidade);
insert into meio (num_meio,nome_meio,nome_entidade) values (233, nomeMeio, nomeEntidade);
insert into meio (num_meio,nome_meio,nome_entidade) values (234, nomeMeio, nomeEntidade);
insert into meio (num_meio,nome_meio,nome_entidade) values (235, nomeMeio, nomeEntidade);
insert into meio (num_meio,nome_meio,nome_entidade) values (236, nomeMeio, nomeEntidade);
insert into meio (num_meio,nome_meio,nome_entidade) values (237, nomeMeio, nomeEntidade);
insert into meio (num_meio,nome_meio,nome_entidade) values (238, nomeMeio, nomeEntidade);
insert into meio (num_meio,nome_meio,nome_entidade) values (239, nomeMeio, nomeEntidade);
insert into meio (num_meio,nome_meio,nome_entidade) values (240, nomeMeio, nomeEntidade);
insert into meio (num_meio,nome_meio,nome_entidade) values (241, nomeMeio, nomeEntidade);
insert into meio (num_meio,nome_meio,nome_entidade) values (242, nomeMeio, nomeEntidade);
insert into meio (num_meio,nome_meio,nome_entidade) values (243, nomeMeio, nomeEntidade);
insert into meio (num_meio,nome_meio,nome_entidade) values (244, nomeMeio, nomeEntidade);
insert into meio (num_meio,nome_meio,nome_entidade) values (245, nomeMeio, nomeEntidade);
insert into meio (num_meio,nome_meio,nome_entidade) values (246, nomeMeio, nomeEntidade);
insert into meio (num_meio,nome_meio,nome_entidade) values (247, nomeMeio, nomeEntidade);
insert into meio (num_meio,nome_meio,nome_entidade) values (248, nomeMeio, nomeEntidade);
insert into meio (num_meio,nome_meio,nome_entidade) values (249, nomeMeio, nomeEntidade);
insert into meio (num_meio,nome_meio,nome_entidade) values (250, nomeMeio, nomeEntidade);
insert into meio (num_meio,nome_meio,nome_entidade) values (251, nomeMeio, nomeEntidade);
insert into meio (num_meio,nome_meio,nome_entidade) values (252, nomeMeio, nomeEntidade);
insert into meio (num_meio,nome_meio,nome_entidade) values (253, nomeMeio, nomeEntidade);
insert into meio (num_meio,nome_meio,nome_entidade) values (254, nomeMeio, nomeEntidade);
insert into meio (num_meio,nome_meio,nome_entidade) values (255, nomeMeio, nomeEntidade);
insert into meio (num_meio,nome_meio,nome_entidade) values (256, nomeMeio, nomeEntidade);
insert into meio (num_meio,nome_meio,nome_entidade) values (257, nomeMeio, nomeEntidade);
insert into meio (num_meio,nome_meio,nome_entidade) values (258, nomeMeio, nomeEntidade);
insert into meio (num_meio,nome_meio,nome_entidade) values (259, nomeMeio, nomeEntidade);
insert into meio (num_meio,nome_meio,nome_entidade) values (260, nomeMeio, nomeEntidade);
insert into meio (num_meio,nome_meio,nome_entidade) values (261, nomeMeio, nomeEntidade);
insert into meio (num_meio,nome_meio,nome_entidade) values (262, nomeMeio, nomeEntidade);
insert into meio (num_meio,nome_meio,nome_entidade) values (263, nomeMeio, nomeEntidade);
insert into meio (num_meio,nome_meio,nome_entidade) values (264, nomeMeio, nomeEntidade);
insert into meio (num_meio,nome_meio,nome_entidade) values (265, nomeMeio, nomeEntidade);
insert into meio (num_meio,nome_meio,nome_entidade) values (266, nomeMeio, nomeEntidade);
insert into meio (num_meio,nome_meio,nome_entidade) values (267, nomeMeio, nomeEntidade);
insert into meio (num_meio,nome_meio,nome_entidade) values (268, nomeMeio, nomeEntidade);
insert into meio (num_meio,nome_meio,nome_entidade) values (269, nomeMeio, nomeEntidade);
insert into meio (num_meio,nome_meio,nome_entidade) values (270, nomeMeio, nomeEntidade);
insert into meio (num_meio,nome_meio,nome_entidade) values (271, nomeMeio, nomeEntidade);
insert into meio (num_meio,nome_meio,nome_entidade) values (272, nomeMeio, nomeEntidade);
insert into meio (num_meio,nome_meio,nome_entidade) values (273, nomeMeio, nomeEntidade);
insert into meio (num_meio,nome_meio,nome_entidade) values (274, nomeMeio, nomeEntidade);
insert into meio (num_meio,nome_meio,nome_entidade) values (275, nomeMeio, nomeEntidade);
insert into meio (num_meio,nome_meio,nome_entidade) values (276, nomeMeio, nomeEntidade);
insert into meio (num_meio,nome_meio,nome_entidade) values (277, nomeMeio, nomeEntidade);
insert into meio (num_meio,nome_meio,nome_entidade) values (278, nomeMeio, nomeEntidade);
insert into meio (num_meio,nome_meio,nome_entidade) values (279, nomeMeio, nomeEntidade);
insert into meio (num_meio,nome_meio,nome_entidade) values (280, nomeMeio, nomeEntidade);
insert into meio (num_meio,nome_meio,nome_entidade) values (281, nomeMeio, nomeEntidade);
insert into meio (num_meio,nome_meio,nome_entidade) values (282, nomeMeio, nomeEntidade);
insert into meio (num_meio,nome_meio,nome_entidade) values (283, nomeMeio, nomeEntidade);
insert into meio (num_meio,nome_meio,nome_entidade) values (284, nomeMeio, nomeEntidade);
insert into meio (num_meio,nome_meio,nome_entidade) values (285, nomeMeio, nomeEntidade);
insert into meio (num_meio,nome_meio,nome_entidade) values (286, nomeMeio, nomeEntidade);
insert into meio (num_meio,nome_meio,nome_entidade) values (287, nomeMeio, nomeEntidade);
insert into meio (num_meio,nome_meio,nome_entidade) values (288, nomeMeio, nomeEntidade);
insert into meio (num_meio,nome_meio,nome_entidade) values (289, nomeMeio, nomeEntidade);
insert into meio (num_meio,nome_meio,nome_entidade) values (290, nomeMeio, nomeEntidade);
insert into meio (num_meio,nome_meio,nome_entidade) values (291, nomeMeio, nomeEntidade);
insert into meio (num_meio,nome_meio,nome_entidade) values (292, nomeMeio, nomeEntidade);
insert into meio (num_meio,nome_meio,nome_entidade) values (293, nomeMeio, nomeEntidade);
insert into meio (num_meio,nome_meio,nome_entidade) values (294, nomeMeio, nomeEntidade);
insert into meio (num_meio,nome_meio,nome_entidade) values (295, nomeMeio, nomeEntidade);
insert into meio (num_meio,nome_meio,nome_entidade) values (296, nomeMeio, nomeEntidade);
insert into meio (num_meio,nome_meio,nome_entidade) values (297, nomeMeio, nomeEntidade);
insert into meio (num_meio,nome_meio,nome_entidade) values (298, nomeMeio, nomeEntidade);
insert into meio (num_meio,nome_meio,nome_entidade) values (299, nomeMeio, nomeEntidade);


-- ACERTAR NOME ENTIDADE

insert into meiocombate (num_meio,nome_entidade) values (0,nomeEntidade);
insert into meiocombate (num_meio,nome_entidade) values (1,nomeEntidade);
insert into meiocombate (num_meio,nome_entidade) values (2,nomeEntidade);
insert into meiocombate (num_meio,nome_entidade) values (3,nomeEntidade);
insert into meiocombate (num_meio,nome_entidade) values (4,nomeEntidade);
insert into meiocombate (num_meio,nome_entidade) values (5,nomeEntidade);
insert into meiocombate (num_meio,nome_entidade) values (6,nomeEntidade);
insert into meiocombate (num_meio,nome_entidade) values (7,nomeEntidade);
insert into meiocombate (num_meio,nome_entidade) values (8,nomeEntidade);
insert into meiocombate (num_meio,nome_entidade) values (9,nomeEntidade);
insert into meiocombate (num_meio,nome_entidade) values (10,nomeEntidade);
insert into meiocombate (num_meio,nome_entidade) values (11,nomeEntidade);
insert into meiocombate (num_meio,nome_entidade) values (12,nomeEntidade);
insert into meiocombate (num_meio,nome_entidade) values (13,nomeEntidade);
insert into meiocombate (num_meio,nome_entidade) values (14,nomeEntidade);
insert into meiocombate (num_meio,nome_entidade) values (15,nomeEntidade);
insert into meiocombate (num_meio,nome_entidade) values (16,nomeEntidade);
insert into meiocombate (num_meio,nome_entidade) values (17,nomeEntidade);
insert into meiocombate (num_meio,nome_entidade) values (18,nomeEntidade);
insert into meiocombate (num_meio,nome_entidade) values (19,nomeEntidade);
insert into meiocombate (num_meio,nome_entidade) values (20,nomeEntidade);
insert into meiocombate (num_meio,nome_entidade) values (21,nomeEntidade);
insert into meiocombate (num_meio,nome_entidade) values (22,nomeEntidade);
insert into meiocombate (num_meio,nome_entidade) values (23,nomeEntidade);
insert into meiocombate (num_meio,nome_entidade) values (24,nomeEntidade);
insert into meiocombate (num_meio,nome_entidade) values (25,nomeEntidade);
insert into meiocombate (num_meio,nome_entidade) values (26,nomeEntidade);
insert into meiocombate (num_meio,nome_entidade) values (27,nomeEntidade);
insert into meiocombate (num_meio,nome_entidade) values (28,nomeEntidade);
insert into meiocombate (num_meio,nome_entidade) values (29,nomeEntidade);
insert into meiocombate (num_meio,nome_entidade) values (30,nomeEntidade);
insert into meiocombate (num_meio,nome_entidade) values (31,nomeEntidade);
insert into meiocombate (num_meio,nome_entidade) values (32,nomeEntidade);
insert into meiocombate (num_meio,nome_entidade) values (33,nomeEntidade);
insert into meiocombate (num_meio,nome_entidade) values (34,nomeEntidade);
insert into meiocombate (num_meio,nome_entidade) values (35,nomeEntidade);
insert into meiocombate (num_meio,nome_entidade) values (36,nomeEntidade);
insert into meiocombate (num_meio,nome_entidade) values (37,nomeEntidade);
insert into meiocombate (num_meio,nome_entidade) values (38,nomeEntidade);
insert into meiocombate (num_meio,nome_entidade) values (39,nomeEntidade);
insert into meiocombate (num_meio,nome_entidade) values (40,nomeEntidade);
insert into meiocombate (num_meio,nome_entidade) values (41,nomeEntidade);
insert into meiocombate (num_meio,nome_entidade) values (42,nomeEntidade);
insert into meiocombate (num_meio,nome_entidade) values (43,nomeEntidade);
insert into meiocombate (num_meio,nome_entidade) values (44,nomeEntidade);
insert into meiocombate (num_meio,nome_entidade) values (45,nomeEntidade);
insert into meiocombate (num_meio,nome_entidade) values (46,nomeEntidade);
insert into meiocombate (num_meio,nome_entidade) values (47,nomeEntidade);
insert into meiocombate (num_meio,nome_entidade) values (48,nomeEntidade);
insert into meiocombate (num_meio,nome_entidade) values (49,nomeEntidade);
insert into meiocombate (num_meio,nome_entidade) values (50,nomeEntidade);
insert into meiocombate (num_meio,nome_entidade) values (51,nomeEntidade);
insert into meiocombate (num_meio,nome_entidade) values (52,nomeEntidade);
insert into meiocombate (num_meio,nome_entidade) values (53,nomeEntidade);
insert into meiocombate (num_meio,nome_entidade) values (54,nomeEntidade);
insert into meiocombate (num_meio,nome_entidade) values (55,nomeEntidade);
insert into meiocombate (num_meio,nome_entidade) values (56,nomeEntidade);
insert into meiocombate (num_meio,nome_entidade) values (57,nomeEntidade);
insert into meiocombate (num_meio,nome_entidade) values (58,nomeEntidade);
insert into meiocombate (num_meio,nome_entidade) values (59,nomeEntidade);
insert into meiocombate (num_meio,nome_entidade) values (60,nomeEntidade);
insert into meiocombate (num_meio,nome_entidade) values (61,nomeEntidade);
insert into meiocombate (num_meio,nome_entidade) values (62,nomeEntidade);
insert into meiocombate (num_meio,nome_entidade) values (63,nomeEntidade);
insert into meiocombate (num_meio,nome_entidade) values (64,nomeEntidade);
insert into meiocombate (num_meio,nome_entidade) values (65,nomeEntidade);
insert into meiocombate (num_meio,nome_entidade) values (66,nomeEntidade);
insert into meiocombate (num_meio,nome_entidade) values (67,nomeEntidade);
insert into meiocombate (num_meio,nome_entidade) values (68,nomeEntidade);
insert into meiocombate (num_meio,nome_entidade) values (69,nomeEntidade);
insert into meiocombate (num_meio,nome_entidade) values (70,nomeEntidade);
insert into meiocombate (num_meio,nome_entidade) values (71,nomeEntidade);
insert into meiocombate (num_meio,nome_entidade) values (72,nomeEntidade);
insert into meiocombate (num_meio,nome_entidade) values (73,nomeEntidade);
insert into meiocombate (num_meio,nome_entidade) values (74,nomeEntidade);
insert into meiocombate (num_meio,nome_entidade) values (75,nomeEntidade);
insert into meiocombate (num_meio,nome_entidade) values (76,nomeEntidade);
insert into meiocombate (num_meio,nome_entidade) values (77,nomeEntidade);
insert into meiocombate (num_meio,nome_entidade) values (78,nomeEntidade);
insert into meiocombate (num_meio,nome_entidade) values (79,nomeEntidade);
insert into meiocombate (num_meio,nome_entidade) values (80,nomeEntidade);
insert into meiocombate (num_meio,nome_entidade) values (81,nomeEntidade);
insert into meiocombate (num_meio,nome_entidade) values (82,nomeEntidade);
insert into meiocombate (num_meio,nome_entidade) values (83,nomeEntidade);
insert into meiocombate (num_meio,nome_entidade) values (84,nomeEntidade);
insert into meiocombate (num_meio,nome_entidade) values (85,nomeEntidade);
insert into meiocombate (num_meio,nome_entidade) values (86,nomeEntidade);
insert into meiocombate (num_meio,nome_entidade) values (87,nomeEntidade);
insert into meiocombate (num_meio,nome_entidade) values (88,nomeEntidade);
insert into meiocombate (num_meio,nome_entidade) values (89,nomeEntidade);
insert into meiocombate (num_meio,nome_entidade) values (90,nomeEntidade);
insert into meiocombate (num_meio,nome_entidade) values (91,nomeEntidade);
insert into meiocombate (num_meio,nome_entidade) values (92,nomeEntidade);
insert into meiocombate (num_meio,nome_entidade) values (93,nomeEntidade);
insert into meiocombate (num_meio,nome_entidade) values (94,nomeEntidade);
insert into meiocombate (num_meio,nome_entidade) values (95,nomeEntidade);
insert into meiocombate (num_meio,nome_entidade) values (96,nomeEntidade);
insert into meiocombate (num_meio,nome_entidade) values (97,nomeEntidade);
insert into meiocombate (num_meio,nome_entidade) values (98,nomeEntidade);
insert into meiocombate (num_meio,nome_entidade) values (99,nomeEntidade);


--ACERTAR NOME ENTIDADE

insert into meioapoio (num_meio,nome_entidade) values (100,nomeEntidade);
insert into meioapoio (num_meio,nome_entidade) values (101,nomeEntidade);
insert into meioapoio (num_meio,nome_entidade) values (102,nomeEntidade);
insert into meioapoio (num_meio,nome_entidade) values (103,nomeEntidade);
insert into meioapoio (num_meio,nome_entidade) values (104,nomeEntidade);
insert into meioapoio (num_meio,nome_entidade) values (105,nomeEntidade);
insert into meioapoio (num_meio,nome_entidade) values (106,nomeEntidade);
insert into meioapoio (num_meio,nome_entidade) values (107,nomeEntidade);
insert into meioapoio (num_meio,nome_entidade) values (108,nomeEntidade);
insert into meioapoio (num_meio,nome_entidade) values (109,nomeEntidade);
insert into meioapoio (num_meio,nome_entidade) values (110,nomeEntidade);
insert into meioapoio (num_meio,nome_entidade) values (111,nomeEntidade);
insert into meioapoio (num_meio,nome_entidade) values (112,nomeEntidade);
insert into meioapoio (num_meio,nome_entidade) values (113,nomeEntidade);
insert into meioapoio (num_meio,nome_entidade) values (114,nomeEntidade);
insert into meioapoio (num_meio,nome_entidade) values (115,nomeEntidade);
insert into meioapoio (num_meio,nome_entidade) values (116,nomeEntidade);
insert into meioapoio (num_meio,nome_entidade) values (117,nomeEntidade);
insert into meioapoio (num_meio,nome_entidade) values (118,nomeEntidade);
insert into meioapoio (num_meio,nome_entidade) values (119,nomeEntidade);
insert into meioapoio (num_meio,nome_entidade) values (120,nomeEntidade);
insert into meioapoio (num_meio,nome_entidade) values (121,nomeEntidade);
insert into meioapoio (num_meio,nome_entidade) values (122,nomeEntidade);
insert into meioapoio (num_meio,nome_entidade) values (123,nomeEntidade);
insert into meioapoio (num_meio,nome_entidade) values (124,nomeEntidade);
insert into meioapoio (num_meio,nome_entidade) values (125,nomeEntidade);
insert into meioapoio (num_meio,nome_entidade) values (126,nomeEntidade);
insert into meioapoio (num_meio,nome_entidade) values (127,nomeEntidade);
insert into meioapoio (num_meio,nome_entidade) values (128,nomeEntidade);
insert into meioapoio (num_meio,nome_entidade) values (129,nomeEntidade);
insert into meioapoio (num_meio,nome_entidade) values (130,nomeEntidade);
insert into meioapoio (num_meio,nome_entidade) values (131,nomeEntidade);
insert into meioapoio (num_meio,nome_entidade) values (132,nomeEntidade);
insert into meioapoio (num_meio,nome_entidade) values (133,nomeEntidade);
insert into meioapoio (num_meio,nome_entidade) values (134,nomeEntidade);
insert into meioapoio (num_meio,nome_entidade) values (135,nomeEntidade);
insert into meioapoio (num_meio,nome_entidade) values (136,nomeEntidade);
insert into meioapoio (num_meio,nome_entidade) values (137,nomeEntidade);
insert into meioapoio (num_meio,nome_entidade) values (138,nomeEntidade);
insert into meioapoio (num_meio,nome_entidade) values (139,nomeEntidade);
insert into meioapoio (num_meio,nome_entidade) values (140,nomeEntidade);
insert into meioapoio (num_meio,nome_entidade) values (141,nomeEntidade);
insert into meioapoio (num_meio,nome_entidade) values (142,nomeEntidade);
insert into meioapoio (num_meio,nome_entidade) values (143,nomeEntidade);
insert into meioapoio (num_meio,nome_entidade) values (144,nomeEntidade);
insert into meioapoio (num_meio,nome_entidade) values (145,nomeEntidade);
insert into meioapoio (num_meio,nome_entidade) values (146,nomeEntidade);
insert into meioapoio (num_meio,nome_entidade) values (147,nomeEntidade);
insert into meioapoio (num_meio,nome_entidade) values (148,nomeEntidade);
insert into meioapoio (num_meio,nome_entidade) values (149,nomeEntidade);
insert into meioapoio (num_meio,nome_entidade) values (150,nomeEntidade);
insert into meioapoio (num_meio,nome_entidade) values (151,nomeEntidade);
insert into meioapoio (num_meio,nome_entidade) values (152,nomeEntidade);
insert into meioapoio (num_meio,nome_entidade) values (153,nomeEntidade);
insert into meioapoio (num_meio,nome_entidade) values (154,nomeEntidade);
insert into meioapoio (num_meio,nome_entidade) values (155,nomeEntidade);
insert into meioapoio (num_meio,nome_entidade) values (156,nomeEntidade);
insert into meioapoio (num_meio,nome_entidade) values (157,nomeEntidade);
insert into meioapoio (num_meio,nome_entidade) values (158,nomeEntidade);
insert into meioapoio (num_meio,nome_entidade) values (159,nomeEntidade);
insert into meioapoio (num_meio,nome_entidade) values (160,nomeEntidade);
insert into meioapoio (num_meio,nome_entidade) values (161,nomeEntidade);
insert into meioapoio (num_meio,nome_entidade) values (162,nomeEntidade);
insert into meioapoio (num_meio,nome_entidade) values (163,nomeEntidade);
insert into meioapoio (num_meio,nome_entidade) values (164,nomeEntidade);
insert into meioapoio (num_meio,nome_entidade) values (165,nomeEntidade);
insert into meioapoio (num_meio,nome_entidade) values (166,nomeEntidade);
insert into meioapoio (num_meio,nome_entidade) values (167,nomeEntidade);
insert into meioapoio (num_meio,nome_entidade) values (168,nomeEntidade);
insert into meioapoio (num_meio,nome_entidade) values (169,nomeEntidade);
insert into meioapoio (num_meio,nome_entidade) values (170,nomeEntidade);
insert into meioapoio (num_meio,nome_entidade) values (171,nomeEntidade);
insert into meioapoio (num_meio,nome_entidade) values (172,nomeEntidade);
insert into meioapoio (num_meio,nome_entidade) values (173,nomeEntidade);
insert into meioapoio (num_meio,nome_entidade) values (174,nomeEntidade);
insert into meioapoio (num_meio,nome_entidade) values (175,nomeEntidade);
insert into meioapoio (num_meio,nome_entidade) values (176,nomeEntidade);
insert into meioapoio (num_meio,nome_entidade) values (177,nomeEntidade);
insert into meioapoio (num_meio,nome_entidade) values (178,nomeEntidade);
insert into meioapoio (num_meio,nome_entidade) values (179,nomeEntidade);
insert into meioapoio (num_meio,nome_entidade) values (180,nomeEntidade);
insert into meioapoio (num_meio,nome_entidade) values (181,nomeEntidade);
insert into meioapoio (num_meio,nome_entidade) values (182,nomeEntidade);
insert into meioapoio (num_meio,nome_entidade) values (183,nomeEntidade);
insert into meioapoio (num_meio,nome_entidade) values (184,nomeEntidade);
insert into meioapoio (num_meio,nome_entidade) values (185,nomeEntidade);
insert into meioapoio (num_meio,nome_entidade) values (186,nomeEntidade);
insert into meioapoio (num_meio,nome_entidade) values (187,nomeEntidade);
insert into meioapoio (num_meio,nome_entidade) values (188,nomeEntidade);
insert into meioapoio (num_meio,nome_entidade) values (189,nomeEntidade);
insert into meioapoio (num_meio,nome_entidade) values (190,nomeEntidade);
insert into meioapoio (num_meio,nome_entidade) values (191,nomeEntidade);
insert into meioapoio (num_meio,nome_entidade) values (192,nomeEntidade);
insert into meioapoio (num_meio,nome_entidade) values (193,nomeEntidade);
insert into meioapoio (num_meio,nome_entidade) values (194,nomeEntidade);
insert into meioapoio (num_meio,nome_entidade) values (195,nomeEntidade);
insert into meioapoio (num_meio,nome_entidade) values (196,nomeEntidade);
insert into meioapoio (num_meio,nome_entidade) values (197,nomeEntidade);
insert into meioapoio (num_meio,nome_entidade) values (198,nomeEntidade);
insert into meioapoio (num_meio,nome_entidade) values (199,nomeEntidade);


-- ACERTAR NOME ENTIDADE

insert into meiosocorro (num_meio,nome_entidade) values (200,nomeEntidade);
insert into meiosocorro (num_meio,nome_entidade) values (201,nomeEntidade);
insert into meiosocorro (num_meio,nome_entidade) values (202,nomeEntidade);
insert into meiosocorro (num_meio,nome_entidade) values (203,nomeEntidade);
insert into meiosocorro (num_meio,nome_entidade) values (204,nomeEntidade);
insert into meiosocorro (num_meio,nome_entidade) values (205,nomeEntidade);
insert into meiosocorro (num_meio,nome_entidade) values (206,nomeEntidade);
insert into meiosocorro (num_meio,nome_entidade) values (207,nomeEntidade);
insert into meiosocorro (num_meio,nome_entidade) values (208,nomeEntidade);
insert into meiosocorro (num_meio,nome_entidade) values (209,nomeEntidade);
insert into meiosocorro (num_meio,nome_entidade) values (210,nomeEntidade);
insert into meiosocorro (num_meio,nome_entidade) values (211,nomeEntidade);
insert into meiosocorro (num_meio,nome_entidade) values (212,nomeEntidade);
insert into meiosocorro (num_meio,nome_entidade) values (213,nomeEntidade);
insert into meiosocorro (num_meio,nome_entidade) values (214,nomeEntidade);
insert into meiosocorro (num_meio,nome_entidade) values (215,nomeEntidade);
insert into meiosocorro (num_meio,nome_entidade) values (216,nomeEntidade);
insert into meiosocorro (num_meio,nome_entidade) values (217,nomeEntidade);
insert into meiosocorro (num_meio,nome_entidade) values (218,nomeEntidade);
insert into meiosocorro (num_meio,nome_entidade) values (219,nomeEntidade);
insert into meiosocorro (num_meio,nome_entidade) values (220,nomeEntidade);
insert into meiosocorro (num_meio,nome_entidade) values (221,nomeEntidade);
insert into meiosocorro (num_meio,nome_entidade) values (222,nomeEntidade);
insert into meiosocorro (num_meio,nome_entidade) values (223,nomeEntidade);
insert into meiosocorro (num_meio,nome_entidade) values (224,nomeEntidade);
insert into meiosocorro (num_meio,nome_entidade) values (225,nomeEntidade);
insert into meiosocorro (num_meio,nome_entidade) values (226,nomeEntidade);
insert into meiosocorro (num_meio,nome_entidade) values (227,nomeEntidade);
insert into meiosocorro (num_meio,nome_entidade) values (228,nomeEntidade);
insert into meiosocorro (num_meio,nome_entidade) values (229,nomeEntidade);
insert into meiosocorro (num_meio,nome_entidade) values (230,nomeEntidade);
insert into meiosocorro (num_meio,nome_entidade) values (231,nomeEntidade);
insert into meiosocorro (num_meio,nome_entidade) values (232,nomeEntidade);
insert into meiosocorro (num_meio,nome_entidade) values (233,nomeEntidade);
insert into meiosocorro (num_meio,nome_entidade) values (234,nomeEntidade);
insert into meiosocorro (num_meio,nome_entidade) values (235,nomeEntidade);
insert into meiosocorro (num_meio,nome_entidade) values (236,nomeEntidade);
insert into meiosocorro (num_meio,nome_entidade) values (237,nomeEntidade);
insert into meiosocorro (num_meio,nome_entidade) values (238,nomeEntidade);
insert into meiosocorro (num_meio,nome_entidade) values (239,nomeEntidade);
insert into meiosocorro (num_meio,nome_entidade) values (240,nomeEntidade);
insert into meiosocorro (num_meio,nome_entidade) values (241,nomeEntidade);
insert into meiosocorro (num_meio,nome_entidade) values (242,nomeEntidade);
insert into meiosocorro (num_meio,nome_entidade) values (243,nomeEntidade);
insert into meiosocorro (num_meio,nome_entidade) values (244,nomeEntidade);
insert into meiosocorro (num_meio,nome_entidade) values (245,nomeEntidade);
insert into meiosocorro (num_meio,nome_entidade) values (246,nomeEntidade);
insert into meiosocorro (num_meio,nome_entidade) values (247,nomeEntidade);
insert into meiosocorro (num_meio,nome_entidade) values (248,nomeEntidade);
insert into meiosocorro (num_meio,nome_entidade) values (249,nomeEntidade);
insert into meiosocorro (num_meio,nome_entidade) values (250,nomeEntidade);
insert into meiosocorro (num_meio,nome_entidade) values (251,nomeEntidade);
insert into meiosocorro (num_meio,nome_entidade) values (252,nomeEntidade);
insert into meiosocorro (num_meio,nome_entidade) values (253,nomeEntidade);
insert into meiosocorro (num_meio,nome_entidade) values (254,nomeEntidade);
insert into meiosocorro (num_meio,nome_entidade) values (255,nomeEntidade);
insert into meiosocorro (num_meio,nome_entidade) values (256,nomeEntidade);
insert into meiosocorro (num_meio,nome_entidade) values (257,nomeEntidade);
insert into meiosocorro (num_meio,nome_entidade) values (258,nomeEntidade);
insert into meiosocorro (num_meio,nome_entidade) values (259,nomeEntidade);
insert into meiosocorro (num_meio,nome_entidade) values (260,nomeEntidade);
insert into meiosocorro (num_meio,nome_entidade) values (261,nomeEntidade);
insert into meiosocorro (num_meio,nome_entidade) values (262,nomeEntidade);
insert into meiosocorro (num_meio,nome_entidade) values (263,nomeEntidade);
insert into meiosocorro (num_meio,nome_entidade) values (264,nomeEntidade);
insert into meiosocorro (num_meio,nome_entidade) values (265,nomeEntidade);
insert into meiosocorro (num_meio,nome_entidade) values (266,nomeEntidade);
insert into meiosocorro (num_meio,nome_entidade) values (267,nomeEntidade);
insert into meiosocorro (num_meio,nome_entidade) values (268,nomeEntidade);
insert into meiosocorro (num_meio,nome_entidade) values (269,nomeEntidade);
insert into meiosocorro (num_meio,nome_entidade) values (270,nomeEntidade);
insert into meiosocorro (num_meio,nome_entidade) values (271,nomeEntidade);
insert into meiosocorro (num_meio,nome_entidade) values (272,nomeEntidade);
insert into meiosocorro (num_meio,nome_entidade) values (273,nomeEntidade);
insert into meiosocorro (num_meio,nome_entidade) values (274,nomeEntidade);
insert into meiosocorro (num_meio,nome_entidade) values (275,nomeEntidade);
insert into meiosocorro (num_meio,nome_entidade) values (276,nomeEntidade);
insert into meiosocorro (num_meio,nome_entidade) values (277,nomeEntidade);
insert into meiosocorro (num_meio,nome_entidade) values (278,nomeEntidade);
insert into meiosocorro (num_meio,nome_entidade) values (279,nomeEntidade);
insert into meiosocorro (num_meio,nome_entidade) values (280,nomeEntidade);
insert into meiosocorro (num_meio,nome_entidade) values (281,nomeEntidade);
insert into meiosocorro (num_meio,nome_entidade) values (282,nomeEntidade);
insert into meiosocorro (num_meio,nome_entidade) values (283,nomeEntidade);
insert into meiosocorro (num_meio,nome_entidade) values (284,nomeEntidade);
insert into meiosocorro (num_meio,nome_entidade) values (285,nomeEntidade);
insert into meiosocorro (num_meio,nome_entidade) values (286,nomeEntidade);
insert into meiosocorro (num_meio,nome_entidade) values (287,nomeEntidade);
insert into meiosocorro (num_meio,nome_entidade) values (288,nomeEntidade);
insert into meiosocorro (num_meio,nome_entidade) values (289,nomeEntidade);
insert into meiosocorro (num_meio,nome_entidade) values (290,nomeEntidade);
insert into meiosocorro (num_meio,nome_entidade) values (291,nomeEntidade);
insert into meiosocorro (num_meio,nome_entidade) values (292,nomeEntidade);
insert into meiosocorro (num_meio,nome_entidade) values (293,nomeEntidade);
insert into meiosocorro (num_meio,nome_entidade) values (294,nomeEntidade);
insert into meiosocorro (num_meio,nome_entidade) values (295,nomeEntidade);
insert into meiosocorro (num_meio,nome_entidade) values (296,nomeEntidade);
insert into meiosocorro (num_meio,nome_entidade) values (297,nomeEntidade);
insert into meiosocorro (num_meio,nome_entidade) values (298,nomeEntidade);
insert into meiosocorro (num_meio,nome_entidade) values (299,nomeEntidade);