insert into camara values (0);
insert into camara values (1);
insert into camara values (2);
insert into camara values (3);
insert into camara values (4);
insert into camara values (5);
insert into camara values (6);
insert into camara values (7);
insert into camara values (8);
insert into camara values (9);
insert into camara values (10);
insert into camara values (11);
insert into camara values (12);
insert into camara values (13);
insert into camara values (14);
insert into camara values (15);
insert into camara values (16);
insert into camara values (17);
insert into camara values (18);
insert into camara values (19);
insert into camara values (20);
insert into camara values (21);
insert into camara values (22);
insert into camara values (23);
insert into camara values (24);
insert into camara values (25);
insert into camara values (26);
insert into camara values (27);
insert into camara values (28);
insert into camara values (29);
insert into camara values (30);
insert into camara values (31);
insert into camara values (32);
insert into camara values (33);
insert into camara values (34);
insert into camara values (35);
insert into camara values (36);
insert into camara values (37);
insert into camara values (38);
insert into camara values (39);
insert into camara values (40);
insert into camara values (41);
insert into camara values (42);
insert into camara values (43);
insert into camara values (44);
insert into camara values (45);
insert into camara values (46);
insert into camara values (47);
insert into camara values (48);
insert into camara values (49);
insert into camara values (50);
insert into camara values (51);
insert into camara values (52);
insert into camara values (53);
insert into camara values (54);
insert into camara values (55);
insert into camara values (56);
insert into camara values (57);
insert into camara values (58);
insert into camara values (59);
insert into camara values (60);
insert into camara values (61);
insert into camara values (62);
insert into camara values (63);
insert into camara values (64);
insert into camara values (65);
insert into camara values (66);
insert into camara values (67);
insert into camara values (68);
insert into camara values (69);
insert into camara values (70);
insert into camara values (71);
insert into camara values (72);
insert into camara values (73);
insert into camara values (74);
insert into camara values (75);
insert into camara values (76);
insert into camara values (77);
insert into camara values (78);
insert into camara values (79);
insert into camara values (80);
insert into camara values (81);
insert into camara values (82);
insert into camara values (83);
insert into camara values (84);
insert into camara values (85);
insert into camara values (86);
insert into camara values (87);
insert into camara values (88);
insert into camara values (89);
insert into camara values (90);
insert into camara values (91);
insert into camara values (92);
insert into camara values (93);
insert into camara values (94);
insert into camara values (95);
insert into camara values (96);
insert into camara values (97);
insert into camara values (98);
insert into camara values (99);

insert into video values ('2018-09-07 07:59:12', '2018-09-07 08:41:31', 0);
insert into video values ('2018-07-27 11:17:57', '2018-07-27 11:51:47', 1);
insert into video values ('2018-07-01 15:18:16', '2018-07-01 16:10:02', 2);
insert into video values ('2018-08-08 19:59:47', '2018-08-08 20:23:10', 3);
insert into video values ('2018-06-21 20:57:55', '2018-06-21 21:45:18', 4);
insert into video values ('2018-08-08 16:34:23', '2018-08-08 17:06:03', 5);
insert into video values ('2018-06-13 12:33:53', '2018-06-13 12:51:56', 6);
insert into video values ('2018-06-04 08:02:00', '2018-06-04 08:39:15', 7);
insert into video values ('2018-07-02 10:45:26', '2018-07-02 11:24:49', 8);
insert into video values ('2018-07-03 14:26:32', '2018-07-03 15:18:06', 9);
insert into video values ('2018-06-18 18:09:43', '2018-06-18 18:39:42', 10);
insert into video values ('2018-07-02 20:01:11', '2018-07-02 20:37:05', 11);
insert into video values ('2018-06-08 16:02:10', '2018-06-08 16:28:31', 12);
insert into video values ('2018-09-05 14:30:46', '2018-09-05 15:20:33', 13);
insert into video values ('2018-08-09 10:30:07', '2018-08-09 11:12:03', 14);
insert into video values ('2018-06-25 07:03:04', '2018-06-25 07:33:26', 15);
insert into video values ('2018-09-24 10:42:59', '2018-09-24 11:05:39', 16);
insert into video values ('2018-06-17 13:47:12', '2018-06-17 14:38:33', 17);
insert into video values ('2018-09-02 16:00:46', '2018-09-02 16:43:55', 18);
insert into video values ('2018-08-28 19:10:21', '2018-08-28 19:49:16', 19);
insert into video values ('2018-08-04 20:55:16', '2018-08-04 21:22:05', 20);
insert into video values ('2018-06-07 17:11:56', '2018-06-07 17:57:52', 21);
insert into video values ('2018-08-14 14:00:26', '2018-08-14 14:42:08', 22);
insert into video values ('2018-07-08 11:23:42', '2018-07-08 12:14:33', 23);
insert into video values ('2018-08-04 08:07:49', '2018-08-04 09:00:47', 24);
insert into video values ('2018-05-23 09:27:18', '2018-05-23 10:20:40', 25);
insert into video values ('2018-06-03 12:54:16', '2018-06-03 13:43:20', 26);
insert into video values ('2018-04-14 15:32:54', '2018-04-14 15:53:59', 27);
insert into video values ('2018-08-01 18:52:30', '2018-08-01 19:52:50', 28);
insert into video values ('2018-03-17 21:46:51', '2018-03-17 22:05:11', 29);
insert into video values ('2018-02-05 18:35:33', '2018-02-05 19:11:04', 30);
insert into video values ('2018-08-03 16:09:31', '2018-08-03 16:51:11', 31);
insert into video values ('2018-09-04 13:50:19', '2018-09-04 14:41:30', 32);
insert into video values ('2018-10-07 10:35:37', '2018-10-07 11:06:52', 33);
insert into video values ('2018-01-23 09:41:42', '2018-01-23 10:01:39', 34);
insert into video values ('2018-06-01 16:59:12', '2018-06-01 17:55:03', 35);
insert into video values ('2018-06-30 21:12:35', '2018-06-30 21:44:03', 36);
insert into video values ('2018-11-09 15:39:47', '2018-11-09 15:54:43', 37);
insert into video values ('2018-09-09 09:11:50', '2018-09-09 09:43:14', 38);
insert into video values ('2018-07-30 11:48:23', '2018-07-30 12:38:23', 39);
insert into video values ('2018-12-05 17:46:29', '2018-12-05 18:03:11', 40);
insert into video values ('2018-01-02 19:02:31', '2018-01-02 19:27:14', 41);
insert into video values ('2018-08-05 13:54:31', '2018-08-05 14:17:07', 42);
insert into video values ('2018-02-28 06:00:27', '2018-02-28 06:38:32', 43);
insert into video values ('2018-03-07 08:21:02', '2018-03-07 09:07:48', 44);
insert into video values ('2018-09-04 10:27:58', '2018-09-04 11:04:12', 45);
insert into video values ('2018-06-26 12:07:35', '2018-06-26 12:40:14', 46);
insert into video values ('2018-04-25 14:12:09', '2018-04-25 14:48:55', 47);
insert into video values ('2018-05-01 16:51:44', '2018-05-01 17:25:11', 48);
insert into video values ('2018-10-10 18:58:32', '2018-10-10 19:14:25', 49);
insert into video values ('2018-11-12 20:32:26', '2018-11-12 21:00:35', 50);
insert into video values ('2018-09-06 20:23:36', '2018-09-06 20:48:17', 51);
insert into video values ('2018-06-05 16:46:00', '2018-06-05 17:30:26', 52);
insert into video values ('2018-04-25 13:54:10', '2018-04-25 14:38:48', 53);
insert into video values ('2018-07-02 11:32:08', '2018-07-02 12:09:19', 54);
insert into video values ('2018-06-21 10:30:10', '2018-06-21 11:22:56', 55);
insert into video values ('2018-06-20 09:24:03', '2018-06-20 10:21:17', 56);
insert into video values ('2018-07-04 07:00:33', '2018-07-04 07:19:02', 57);
insert into video values ('2018-08-06 10:28:35', '2018-08-06 10:59:39', 58);
insert into video values ('2018-09-17 14:09:23', '2018-09-17 14:41:32', 59);
insert into video values ('2018-07-30 19:47:50', '2018-07-30 20:06:44', 60);
insert into video values ('2018-08-01 17:09:04', '2018-08-01 18:04:43', 61);
insert into video values ('2018-08-20 10:00:24', '2018-08-20 10:32:03', 62);
insert into video values ('2018-09-10 12:07:14', '2018-09-10 13:12:26', 63);
insert into video values ('2018-07-17 19:00:16', '2018-07-17 19:55:28', 64);
insert into video values ('2018-06-30 17:52:42', '2018-06-30 18:50:11', 65);
insert into video values ('2018-09-09 12:57:16', '2018-09-09 13:12:12', 66);
insert into video values ('2018-06-05 08:44:39', '2018-06-05 09:30:04', 67);
insert into video values ('2018-05-28 09:48:13', '2018-05-28 10:09:25', 68);
insert into video values ('2018-09-13 11:43:25', '2018-09-13 12:08:43', 69);
insert into video values ('2018-03-21 12:31:11', '2018-03-21 13:01:47', 70);
insert into video values ('2018-09-19 14:13:03', '2018-09-19 14:50:59', 71);
insert into video values ('2018-09-29 17:53:53', '2018-09-29 18:16:25', 72);
insert into video values ('2018-07-23 21:41:59', '2018-07-23 21:58:24', 73);
insert into video values ('2018-07-06 16:48:33', '2018-07-06 17:15:13', 74);
insert into video values ('2018-06-05 10:26:07', '2018-06-05 10:37:19', 75);
insert into video values ('2018-11-22 11:12:21', '2018-11-22 11:21:54', 76);
insert into video values ('2018-02-19 19:00:21', '2018-02-19 19:35:24', 77);
insert into video values ('2018-12-09 16:55:12', '2018-12-09 17:59:55', 78);
insert into video values ('2018-05-21 10:14:14', '2018-05-21 11:06:12', 79);
insert into video values ('2018-08-10 14:18:46', '2018-08-10 14:40:12', 80);
insert into video values ('2018-01-20 20:10:38', '2018-01-20 21:08:22', 81);
insert into video values ('2018-02-14 17:13:23', '2018-02-14 17:53:38', 82);
insert into video values ('2018-03-16 12:18:31', '2018-03-16 13:16:33', 83);
insert into video values ('2018-04-07 13:04:28', '2018-04-07 13:23:37', 84);
insert into video values ('2018-05-19 21:25:36', '2018-05-19 21:35:11', 85);
insert into video values ('2018-06-22 08:41:07', '2018-06-22 08:54:50', 86);
insert into video values ('2018-07-09 18:03:42', '2018-07-09 18:47:09', 87);
insert into video values ('2018-08-14 19:04:29', '2018-08-14 20:20:54', 88);
insert into video values ('2018-09-04 07:08:31', '2018-09-04 08:00:01', 89);
insert into video values ('2018-10-20 10:24:46', '2018-10-20 10:34:29', 90);
insert into video values ('2018-11-01 09:19:19', '2018-11-01 09:52:50', 91);
insert into video values ('2018-12-30 16:18:44', '2018-12-30 16:57:24', 92);
insert into video values ('2018-11-02 15:12:16', '2018-11-02 15:27:32', 93);
insert into video values ('2018-10-29 12:56:28', '2018-10-29 13:47:20', 94);
insert into video values ('2018-09-07 17:57:38', '2018-09-07 18:38:42', 95);
insert into video values ('2018-08-26 20:42:19', '2018-08-26 21:02:39', 96);
insert into video values ('2018-09-21 21:30:07', '2018-09-21 22:24:00', 97);
insert into video values ('2018-07-17 08:55:31', '2018-07-17 09:38:20', 98);
insert into video values ('2018-08-10 11:24:13', '2018-08-10 12:24:57', 99);

insert into segmentovideo values (0, '00:42:19', '2018-09-07 07:59:12', 0);
insert into segmentovideo values (1, '00:33:50', '2018-07-27 11:17:57', 1);
insert into segmentovideo values (2, '00:51:46', '2018-07-01 15:18:16', 2);
insert into segmentovideo values (3, '00:23:23', '2018-08-08 19:59:47', 3);
insert into segmentovideo values (4, '00:47:23', '2018-06-21 20:57:55', 4);
insert into segmentovideo values (5, '00:31:40', '2018-08-08 16:34:23', 5);
insert into segmentovideo values (6, '00:18:03', '2018-06-13 12:33:53', 6);
insert into segmentovideo values (7, '00:37:15', '2018-06-04 08:02:00', 7);
insert into segmentovideo values (8, '00:39:23', '2018-07-02 10:45:26', 8);
insert into segmentovideo values (9, '00:51:34', '2018-07-03 14:26:32', 9);
insert into segmentovideo values (10, '00:29:59', '2018-06-18 18:09:43', 10);
insert into segmentovideo values (11, '00:35:54', '2018-07-02 20:01:11', 11);
insert into segmentovideo values (12, '00:26:21', '2018-06-08 16:02:10', 12);
insert into segmentovideo values (13, '00:49:47', '2018-09-05 14:30:46', 13);
insert into segmentovideo values (14, '00:41:56', '2018-08-09 10:30:07', 14);
insert into segmentovideo values (15, '00:30:22', '2018-06-25 07:03:04', 15);
insert into segmentovideo values (16, '00:22:40', '2018-09-24 10:42:59', 16);
insert into segmentovideo values (17, '00:51:21', '2018-06-17 13:47:12', 17);
insert into segmentovideo values (18, '00:43:09', '2018-09-02 16:00:46', 18);
insert into segmentovideo values (19, '00:38:55', '2018-08-28 19:10:21', 19);
insert into segmentovideo values (20, '00:26:49', '2018-08-04 20:55:16', 20);
insert into segmentovideo values (21, '00:45:56', '2018-06-07 17:11:56', 21);
insert into segmentovideo values (22, '00:41:42', '2018-08-14 14:00:26', 22);
insert into segmentovideo values (23, '00:50:51', '2018-07-08 11:23:42', 23);
insert into segmentovideo values (24, '00:52:58', '2018-08-04 08:07:49', 24);
insert into segmentovideo values (25, '00:53:22', '2018-05-23 09:27:18', 25);
insert into segmentovideo values (26, '00:49:04', '2018-06-03 12:54:16', 26);
insert into segmentovideo values (27, '00:21:05', '2018-04-14 15:32:54', 27);
insert into segmentovideo values (28, '01:00:20', '2018-08-01 18:52:30', 28);
insert into segmentovideo values (29, '00:18:20', '2018-03-17 21:46:51', 29);
insert into segmentovideo values (30, '00:35:31', '2018-02-05 18:35:33', 30);
insert into segmentovideo values (31, '00:41:40', '2018-08-03 16:09:31', 31);
insert into segmentovideo values (32, '00:51:11', '2018-09-04 13:50:19', 32);
insert into segmentovideo values (33, '00:31:15', '2018-10-07 10:35:37', 33);
insert into segmentovideo values (34, '00:19:58', '2018-01-23 09:41:42', 34);
insert into segmentovideo values (35, '00:55:51', '2018-06-01 16:59:12', 35);
insert into segmentovideo values (36, '00:31:28', '2018-06-30 21:12:35', 36);
insert into segmentovideo values (37, '00:14:56', '2018-11-09 15:39:47', 37);
insert into segmentovideo values (38, '00:31:24', '2018-09-09 09:11:50', 38);
insert into segmentovideo values (39, '00:50:00', '2018-07-30 11:48:23', 39);
insert into segmentovideo values (40, '00:16:42', '2018-12-05 17:46:29', 40);
insert into segmentovideo values (41, '00:24:43', '2018-01-02 19:02:31', 41);
insert into segmentovideo values (42, '00:22:36', '2018-08-05 13:54:31', 42);
insert into segmentovideo values (43, '00:38:05', '2018-02-28 06:00:27', 43);
insert into segmentovideo values (44, '00:46:46', '2018-03-07 08:21:02', 44);
insert into segmentovideo values (45, '00:36:14', '2018-09-04 10:27:58', 45);
insert into segmentovideo values (46, '00:32:39', '2018-06-26 12:07:35', 46);
insert into segmentovideo values (47, '00:36:46', '2018-04-25 14:12:09', 47);
insert into segmentovideo values (48, '00:33:27', '2018-05-01 16:51:44', 48);
insert into segmentovideo values (49, '00:15:53', '2018-10-10 18:58:32', 49);
insert into segmentovideo values (50, '00:28:09', '2018-11-12 20:32:26', 50);
insert into segmentovideo values (51, '00:14:41', '2018-09-06 20:23:36', 51);
insert into segmentovideo values (52, '00:44:26', '2018-06-05 16:46:00', 52);
insert into segmentovideo values (53, '00:44:38', '2018-04-25 13:54:10', 53);
insert into segmentovideo values (54, '00:37:11', '2018-07-02 11:32:08', 54);
insert into segmentovideo values (55, '00:52:46', '2018-06-21 10:30:10', 55);
insert into segmentovideo values (56, '00:57:14', '2018-06-20 09:24:03', 56);
insert into segmentovideo values (57, '00:18:29', '2018-07-04 07:00:33', 57);
insert into segmentovideo values (58, '00:31:04', '2018-08-06 10:28:35', 58);
insert into segmentovideo values (59, '00:32:09', '2018-09-17 14:09:23', 59);
insert into segmentovideo values (60, '00:18:54', '2018-07-30 19:47:50', 60);
insert into segmentovideo values (61, '00:55:39', '2018-08-01 17:09:04', 61);
insert into segmentovideo values (62, '00:31:39', '2018-08-20 10:00:24', 62);
insert into segmentovideo values (63, '01:05:12', '2018-09-10 12:07:14', 63);
insert into segmentovideo values (64, '00:55:12', '2018-07-17 19:00:16', 64);
insert into segmentovideo values (65, '00:57:29', '2018-06-30 17:52:42', 65);
insert into segmentovideo values (66, '00:14:56', '2018-09-09 12:57:16', 66);
insert into segmentovideo values (67, '00:45:25', '2018-06-05 08:44:39', 67);
insert into segmentovideo values (68, '00:21:12', '2018-05-28 09:48:13', 68);
insert into segmentovideo values (69, '00:25:18', '2018-09-13 11:43:25', 69);
insert into segmentovideo values (70, '00:30:36', '2018-03-21 12:31:11', 70);
insert into segmentovideo values (71, '00:37:56', '2018-09-19 14:13:03', 71);
insert into segmentovideo values (72, '00:22:32', '2018-09-29 17:53:53', 72);
insert into segmentovideo values (73, '00:16:25', '2018-07-23 21:41:59', 73);
insert into segmentovideo values (74, '00:26:40', '2018-07-06 16:48:33', 74);
insert into segmentovideo values (75, '00:11:12', '2018-06-05 10:26:07', 75);
insert into segmentovideo values (76, '00:09:33', '2018-11-22 11:12:21', 76);
insert into segmentovideo values (77, '00:35:03', '2018-02-19 19:00:21', 77);
insert into segmentovideo values (78, '01:04:43', '2018-12-09 16:55:12', 78);
insert into segmentovideo values (79, '00:51:58', '2018-05-21 10:14:14', 79);
insert into segmentovideo values (80, '00:21:26', '2018-08-10 14:18:46', 80);
insert into segmentovideo values (81, '00:57:44', '2018-01-20 20:10:38', 81);
insert into segmentovideo values (82, '00:40:15', '2018-02-14 17:13:23', 82);
insert into segmentovideo values (83, '00:58:02', '2018-03-16 12:18:31', 83);
insert into segmentovideo values (84, '00:19:09', '2018-04-07 13:04:28', 84);
insert into segmentovideo values (85, '00:09:35', '2018-05-19 21:25:36', 85);
insert into segmentovideo values (86, '00:13:43', '2018-06-22 08:41:07', 86);
insert into segmentovideo values (87, '00:43:27', '2018-07-09 18:03:42', 87);
insert into segmentovideo values (88, '01:16:25', '2018-08-14 19:04:29', 88);
insert into segmentovideo values (89, '00:51:30', '2018-09-04 07:08:31', 89);
insert into segmentovideo values (90, '00:09:17', '2018-10-20 10:24:46', 90);
insert into segmentovideo values (91, '00:33:31', '2018-11-01 09:19:19', 91);
insert into segmentovideo values (92, '00:38:40', '2018-12-30 16:18:44', 92);
insert into segmentovideo values (93, '00:15:16', '2018-11-02 15:12:16', 93);
insert into segmentovideo values (94, '00:50:52', '2018-10-29 12:56:28', 94);
insert into segmentovideo values (95, '00:41:04', '2018-09-07 17:57:38', 95);
insert into segmentovideo values (96, '00:20:20', '2018-08-26 20:42:19', 96);
insert into segmentovideo values (97, '00:53:53', '2018-09-21 21:30:07', 97);
insert into segmentovideo values (98, '00:42:49', '2018-07-17 08:55:31', 98);
insert into segmentovideo values (99, '01:00:44', '2018-08-10 11:24:13', 99);

insert into local values ('Lisboa');
insert into local values ('Sintra');
insert into local values ('Vila Nova de Gaia');
insert into local values ('Porto');
insert into local values ('Cascais');
insert into local values ('Loures');
insert into local values ('Braga');
insert into local values ('Matosinhos');
insert into local values ('Amadora');
insert into local values ('Almada');
insert into local values ('Oeiras');
insert into local values ('Gondomar');
insert into local values ('Seixal');
insert into local values ('Guimaraes');
insert into local values ('Odivelas');
insert into local values ('Coimbra');
insert into local values ('Santa Maria da Feira');
insert into local values ('Vila Franca de Xira');
insert into local values ('Maia');
insert into local values ('Vila Nova de Famalicao');
insert into local values ('Leiria');
insert into local values ('Setubal');
insert into local values ('Barcelos');
insert into local values ('Funchal');
insert into local values ('Viseu');
insert into local values ('Valongo');
insert into local values ('Viana do Castelo');
insert into local values ('Paredes');
insert into local values ('Vila do Conde');
insert into local values ('Torres Vedras');
insert into local values ('Barreiro');
insert into local values ('Aveiro');
insert into local values ('Mafra');
insert into local values ('Penafiel');
insert into local values ('Santo Tirso');
insert into local values ('Loule');
insert into local values ('Ponta Delgada');
insert into local values ('Oliveira do Hospital');
insert into local values ('Moita');
insert into local values ('Faro');
insert into local values ('Povoa de Varzim');
insert into local values ('Palmela');
insert into local values ('Santarem');
insert into local values ('Figueira da Foz');
insert into local values ('Felgueiras');
insert into local values ('Alcobaca');
insert into local values ('Evora');
insert into local values ('Pacos de Ferreira');
insert into local values ('Amarante');
insert into local values ('Castelo Branco');
insert into local values ('Portimao');
insert into local values ('Ovar');
insert into local values ('Pombal');
insert into local values ('Marco de Canaveses');
insert into local values ('Covilha');
insert into local values ('Caldas da Rainha');
insert into local values ('Montijo');
insert into local values ('Fafe');
insert into local values ('Sesimbra');
insert into local values ('Vila Verde');
insert into local values ('Agueda');
insert into local values ('Lousada');
insert into local values ('Ourem');
insert into local values ('Olhao');
insert into local values ('Ponte de Lima');
insert into local values ('Alenquer');
insert into local values ('Santa Cruz');
insert into local values ('Guarda');
insert into local values ('Chaves');
insert into local values ('Albufeira');
insert into local values ('Tomar');
insert into local values ('Abrantes');
insert into local values ('Trofa');
insert into local values ('Marinha Grande');
insert into local values ('Ilhavo');
insert into local values ('Silves');
insert into local values ('Torres Novas');
insert into local values ('Cantanhede');
insert into local values ('Beja');
insert into local values ('Monchique');
insert into local values ('Angra do Heroismo');
insert into local values ('Braganca');
insert into local values ('Esposende');
insert into local values ('Ribeira Grande');
insert into local values ('Espinho');
insert into local values ('Lagos');
insert into local values ('Santiago do Cacem');
insert into local values ('Fundao');
insert into local values ('Anadia');
insert into local values ('Benavente');
insert into local values ('Tondela');
insert into local values ('Peniche');
insert into local values ('Estarreja');
insert into local values ('Lamego');
insert into local values ('Tavira');
insert into local values ('Odemira');
insert into local values ('Lourinha');
insert into local values ('Portalegre');
insert into local values ('Seia');
insert into local values ('Cartaxo');

insert into vigia values ('Lisboa', 0);
insert into vigia values ('Sintra', 1);
insert into vigia values ('Vila Nova de Gaia', 2);
insert into vigia values ('Porto', 3);
insert into vigia values ('Cascais', 4);
insert into vigia values ('Loures', 5);
insert into vigia values ('Braga', 6);
insert into vigia values ('Matosinhos', 7);
insert into vigia values ('Amadora', 8);
insert into vigia values ('Almada', 9);
insert into vigia values ('Oeiras', 10);
insert into vigia values ('Gondomar', 11);
insert into vigia values ('Seixal', 12);
insert into vigia values ('Guimaraes', 13);
insert into vigia values ('Odivelas', 14);
insert into vigia values ('Coimbra', 15);
insert into vigia values ('Santa Maria da Feira', 16);
insert into vigia values ('Vila Franca de Xira', 17);
insert into vigia values ('Maia', 18);
insert into vigia values ('Vila Nova de Famalicao', 19);
insert into vigia values ('Leiria', 20);
insert into vigia values ('Setubal', 21);
insert into vigia values ('Barcelos', 22);
insert into vigia values ('Funchal', 23);
insert into vigia values ('Viseu', 24);
insert into vigia values ('Valongo', 25);
insert into vigia values ('Viana do Castelo', 26);
insert into vigia values ('Paredes', 27);
insert into vigia values ('Vila do Conde', 28);
insert into vigia values ('Torres Vedras', 29);
insert into vigia values ('Barreiro', 30);
insert into vigia values ('Aveiro', 31);
insert into vigia values ('Mafra', 32);
insert into vigia values ('Penafiel', 33);
insert into vigia values ('Santo Tirso', 34);
insert into vigia values ('Loule', 35);
insert into vigia values ('Ponta Delgada', 36);
insert into vigia values ('Oliveira do Hospital', 37);
insert into vigia values ('Moita', 38);
insert into vigia values ('Faro', 39);
insert into vigia values ('Povoa de Varzim', 40);
insert into vigia values ('Palmela', 41);
insert into vigia values ('Santarem', 42);
insert into vigia values ('Figueira da Foz', 43);
insert into vigia values ('Felgueiras', 44);
insert into vigia values ('Alcobaca', 45);
insert into vigia values ('Evora', 46);
insert into vigia values ('Pacos de Ferreira', 47);
insert into vigia values ('Castelo Branco', 48);
insert into vigia values ('Monchique', 49);
insert into vigia values ('Portimao', 50);
insert into vigia values ('Ovar', 51);
insert into vigia values ('Pombal', 52);
insert into vigia values ('Covilha', 53);
insert into vigia values ('Monchique', 54);
insert into vigia values ('Caldas da Rainha', 55);
insert into vigia values ('Montijo', 56);
insert into vigia values ('Sesimbra', 57);
insert into vigia values ('Monchique', 58);
insert into vigia values ('Vila Verde', 59);
insert into vigia values ('Agueda', 60);
insert into vigia values ('Lousada', 61);
insert into vigia values ('Ourem', 62);
insert into vigia values ('Olhao', 63);
insert into vigia values ('Ponte de Lima', 64);
insert into vigia values ('Alenquer', 65);
insert into vigia values ('Coimbra', 66);
insert into vigia values ('Guarda', 67);
insert into vigia values ('Chaves', 68);
insert into vigia values ('Albufeira', 69);
insert into vigia values ('Abrantes', 70);
insert into vigia values ('Monchique', 71);
insert into vigia values ('Marinha Grande', 72);
insert into vigia values ('Monchique', 73);
insert into vigia values ('Ilhavo', 74);
insert into vigia values ('Silves', 75);
insert into vigia values ('Torres Novas', 76);
insert into vigia values ('Cantanhede', 77);
insert into vigia values ('Beja', 78);
insert into vigia values ('Angra do Heroismo', 79);
insert into vigia values ('Monchique', 80);
insert into vigia values ('Braganca', 81);
insert into vigia values ('Esposende', 82);
insert into vigia values ('Ribeira Grande', 83);
insert into vigia values ('Espinho', 84);
insert into vigia values ('Lagos', 85);
insert into vigia values ('Santiago do Cacem', 86);
insert into vigia values ('Fundao', 87);
insert into vigia values ('Anadia', 88);
insert into vigia values ('Tondela', 89);
insert into vigia values ('Monchique', 90);
insert into vigia values ('Peniche', 91);
insert into vigia values ('Estarreja', 92);
insert into vigia values ('Lamego', 93);
insert into vigia values ('Tavira', 94);
insert into vigia values ('Lourinha', 95);
insert into vigia values ('Monchique', 96);
insert into vigia values ('Portalegre', 97);
insert into vigia values ('Seia', 98);
insert into vigia values ('Coimbra', 99);

insert into processosocorro values (0);
insert into processosocorro values (1);
insert into processosocorro values (2);
insert into processosocorro values (3);
insert into processosocorro values (4);
insert into processosocorro values (5);
insert into processosocorro values (6);
insert into processosocorro values (7);
insert into processosocorro values (8);
insert into processosocorro values (9);
insert into processosocorro values (10);
insert into processosocorro values (11);
insert into processosocorro values (12);
insert into processosocorro values (13);
insert into processosocorro values (14);
insert into processosocorro values (15);
insert into processosocorro values (16);
insert into processosocorro values (17);
insert into processosocorro values (18);
insert into processosocorro values (19);
insert into processosocorro values (20);
insert into processosocorro values (21);
insert into processosocorro values (22);
insert into processosocorro values (23);
insert into processosocorro values (24);
insert into processosocorro values (25);
insert into processosocorro values (26);
insert into processosocorro values (27);
insert into processosocorro values (28);
insert into processosocorro values (29);
insert into processosocorro values (30);
insert into processosocorro values (31);
insert into processosocorro values (32);
insert into processosocorro values (33);
insert into processosocorro values (34);
insert into processosocorro values (35);
insert into processosocorro values (36);
insert into processosocorro values (37);
insert into processosocorro values (38);
insert into processosocorro values (39);
insert into processosocorro values (40);
insert into processosocorro values (41);
insert into processosocorro values (42);
insert into processosocorro values (43);
insert into processosocorro values (44);
insert into processosocorro values (45);
insert into processosocorro values (46);
insert into processosocorro values (47);
insert into processosocorro values (48);
insert into processosocorro values (49);
insert into processosocorro values (50);
insert into processosocorro values (51);
insert into processosocorro values (52);
insert into processosocorro values (53);
insert into processosocorro values (54);
insert into processosocorro values (55);
insert into processosocorro values (56);
insert into processosocorro values (57);
insert into processosocorro values (58);
insert into processosocorro values (59);
insert into processosocorro values (60);
insert into processosocorro values (61);
insert into processosocorro values (62);
insert into processosocorro values (63);
insert into processosocorro values (64);
insert into processosocorro values (65);
insert into processosocorro values (66);
insert into processosocorro values (67);
insert into processosocorro values (68);
insert into processosocorro values (69);
insert into processosocorro values (70);
insert into processosocorro values (71);
insert into processosocorro values (72);
insert into processosocorro values (73);
insert into processosocorro values (74);
insert into processosocorro values (75);
insert into processosocorro values (76);
insert into processosocorro values (77);
insert into processosocorro values (78);
insert into processosocorro values (79);
insert into processosocorro values (80);
insert into processosocorro values (81);
insert into processosocorro values (82);
insert into processosocorro values (83);
insert into processosocorro values (84);
insert into processosocorro values (85);
insert into processosocorro values (86);
insert into processosocorro values (87);
insert into processosocorro values (88);
insert into processosocorro values (89);
insert into processosocorro values (90);
insert into processosocorro values (91);
insert into processosocorro values (92);
insert into processosocorro values (93);
insert into processosocorro values (94);
insert into processosocorro values (95);
insert into processosocorro values (96);
insert into processosocorro values (97);
insert into processosocorro values (98);
insert into processosocorro values (99);

insert into eventoemergencia values (982568889, '2018-02-08 10:07:25', 'Ana', 'Lisboa', 0);
insert into eventoemergencia values (910039627, '2018-09-07 14:52:34', 'Jose', 'Sintra', 1);
insert into eventoemergencia values (914479237, '2018-07-20 20:59:40', 'Duarte', 'Vila Nova de Gaia', 2);
insert into eventoemergencia values (950735087, '2018-01-05 11:50:52', 'Ricardo', 'Porto', 3);
insert into eventoemergencia values (970555672, '2018-09-08 15:43:15', 'Manuel', 'Cascais', 4);
insert into eventoemergencia values (903720773, '2018-01-06 21:23:24', 'Goncalo', 'Loures', 5);
insert into eventoemergencia values (941368179, '2018-02-06 12:38:25', 'Maria', 'Braga', 6);
insert into eventoemergencia values (987396354, '2018-06-21 16:57:33', 'Miguel', 'Matosinhos', 7);
insert into eventoemergencia values (945575525, '2018-01-04 07:54:10', 'Simao', 'Amadora', 8);
insert into eventoemergencia values (914501814, '2018-09-07 13:59:22', 'Pedro', 'Almada', 9);
insert into eventoemergencia values (990705589, '2018-09-09 17:53:25', 'Joana', 'Oeiras', 10);
insert into eventoemergencia values (945857769, '2018-07-11 08:00:47', 'Rita', 'Gondomar', 11);
insert into eventoemergencia values (921913081, '2018-08-30 14:56:03', 'Carlos', 'Seixal', 12);
insert into eventoemergencia values (989939118, '2018-05-08 18:50:27', 'Andreia', 'Guimaraes', 13);
insert into eventoemergencia values (958378762, '2018-04-01 09:33:12', 'Francisco', 'Odivelas', 14);
insert into eventoemergencia values (994199661, '2018-02-06 15:58:51', 'Raul', 'Coimbra', 15);
insert into eventoemergencia values (932427333, '2018-04-06 19:54:27', 'Alexandre', 'Santa Maria da Feira', 16);
insert into eventoemergencia values (921093231, '2018-09-03 10:05:51', 'Joaquim', 'Vila Franca de Xira', 17);
insert into eventoemergencia values (933306798, '2018-02-09 16:37:15', 'Bruno', 'Maia', 18);
insert into eventoemergencia values (927446545, '2018-07-05 20:38:17', 'Eduardo', 'Vila Nova de Famalicao', 19);
insert into eventoemergencia values (962471747, '2018-04-04 11:41:50', 'Leonor', 'Leiria', 20);
insert into eventoemergencia values (917071947, '2018-07-01 17:35:32', 'Marta', 'Setubal', 21);
insert into eventoemergencia values (942987051, '2018-08-09 07:20:12', 'Marco', 'Barcelos', 22);
insert into eventoemergencia values (961483336, '2018-07-04 12:31:25', 'Bruna', 'Funchal', 23);
insert into eventoemergencia values (938798104, '2018-01-23 18:55:32', 'Guilherme', 'Viseu', 24);
insert into eventoemergencia values (977099716, '2018-06-27 09:58:14', 'Daniel', 'Valongo', 25);
insert into eventoemergencia values (983482869, '2018-09-08 13:45:09', 'Afonso', 'Viana do Castelo', 26);
insert into eventoemergencia values (948453747, '2018-08-19 19:02:48', 'Beatriz', 'Paredes', 27);
insert into eventoemergencia values (993565222, '2018-09-09 11:35:46', 'Filipe', 'Vila do Conde', 28);
insert into eventoemergencia values (941231817, '2018-01-19 14:44:37', 'Martim', 'Torres Vedras', 29);
insert into eventoemergencia values (957910822, '2018-01-07 20:45:13', 'Mariana', 'Barreiro', 30);
insert into eventoemergencia values (963434614, '2018-07-14 13:18:11', 'Margarida', 'Aveiro', 31);
insert into eventoemergencia values (909330218, '2018-09-02 15:00:54', 'Edgar', 'Mafra', 32);
insert into eventoemergencia values (949767667, '2018-07-25 08:07:42', 'Paulo', 'Penafiel', 33);
insert into eventoemergencia values (928689294, '2018-05-01 15:55:22', 'Aurora', 'Santo Tirso', 34);
insert into eventoemergencia values (967218437, '2018-05-04 16:26:17', 'Matilde', 'Loule', 35);
insert into eventoemergencia values (922935984, '2018-01-09 11:28:49', 'Filipa', 'Ponta Delgada', 36);
insert into eventoemergencia values (986572561, '2018-06-07 16:19:39', 'Santiago', 'Oliveira do Hospital', 37);
insert into eventoemergencia values (903302471, '2018-05-25 18:43:28', 'Rodrigo', 'Moita', 38);
insert into eventoemergencia values (954215115, '2018-01-08 14:11:25', 'Carolina', 'Faro', 39);
insert into eventoemergencia values (955193908, '2018-06-18 17:16:46', 'Gabriel', 'Povoa de Varzim', 40);
insert into eventoemergencia values (949230568, '2018-07-09 20:02:43', 'Sara', 'Palmela', 41);
insert into eventoemergencia values (930191704, '2018-06-04 17:45:12', 'Rafael', 'Santarem', 42);
insert into eventoemergencia values (958554858, '2018-07-08 18:57:12', 'Madalena', 'Figueira da Foz', 43);
insert into eventoemergencia values (910082585, '2018-03-02 22:29:19', 'Tiago', 'Felgueiras', 44);
insert into eventoemergencia values (941940004, '2018-03-06 20:48:48', 'Soraia', 'Alcobaca', 45);
insert into eventoemergencia values (954676071, '2018-06-30 19:25:18', 'Gustavo', 'Evora', 46);
insert into eventoemergencia values (997980340, '2018-01-04 00:24:49', 'Diogo', 'Pacos de Ferreira', 47);
insert into eventoemergencia values (974049260, '2018-03-08 23:22:54', 'David', 'Castelo Branco', 48);
insert into eventoemergencia values (910368114, '2018-02-10 08:24:08', 'Sofia', 'Monchique', 49);
insert into eventoemergencia values (928677201, '2018-04-01 02:37:25', 'Clara', 'Portimao', 50);
insert into eventoemergencia values (969926752, '2018-08-26 15:40:08', 'Vicente', 'Ovar', 51);
insert into eventoemergencia values (979133903, '2018-08-01 09:20:49', 'Mateus', 'Pombal', 52);
insert into eventoemergencia values (927824696, '2018-06-14 17:14:43', 'Alice', 'Covilha', 53);
insert into eventoemergencia values (941465830, '2018-03-12 04:11:26', 'Henrique', 'Monchique', 54);
insert into eventoemergencia values (971064852, '2018-09-06 10:12:23', 'Laura', 'Caldas da Rainha', 55);
insert into eventoemergencia values (994741138, '2018-09-13 19:23:16', 'Vasco', 'Montijo', 56);
insert into eventoemergencia values (922436880, '2018-08-16 06:08:52', 'Bernardo', 'Sesimbra', 57);
insert into eventoemergencia values (988995251, '2018-04-05 11:25:54', 'Leonardo', 'Monchique', 58);
insert into eventoemergencia values (941906825, '2018-01-07 21:32:10', 'Leandro', 'Vila Verde', 59);
insert into eventoemergencia values (937802188, '2018-08-06 08:13:18', 'Diana', 'Agueda', 60);
insert into eventoemergencia values (901191820, '2018-07-01 12:00:13', 'Mafalda', 'Lousada', 61);
insert into eventoemergencia values (927483768, '2018-04-09 07:57:18', 'Samuel', 'Ourem', 62);
insert into eventoemergencia values (952349123, '2018-12-09 20:07:49', 'Rita', 'Olhao', 63);
insert into eventoemergencia values (932096435, '2018-07-06 10:01:17', 'Frederico', 'Ponte de Lima', 64);
insert into eventoemergencia values (906702090, '2018-08-09 13:18:42', 'Rui', 'Alenquer', 65);
insert into eventoemergencia values (996623018, '2018-08-02 14:06:53', 'Eva', 'Coimbra', 66);
insert into eventoemergencia values (976115405, '2018-09-06 11:53:15', 'Adriano', 'Guarda', 67);
insert into eventoemergencia values (939557275, '2018-06-07 15:20:52', 'Nuno', 'Chaves', 68);
insert into eventoemergencia values (967799713, '2018-07-03 18:06:41', 'Hugo', 'Albufeira', 69);
insert into eventoemergencia values (918605985, '2018-01-15 12:18:50', 'Carlota', 'Abrantes', 70);
insert into eventoemergencia values (950484840, '2018-08-03 17:25:29', 'Mara', 'Monchique', 71);
insert into eventoemergencia values (943636590, '2018-09-27 21:14:29', 'Renato', 'Marinha Grande', 72);
insert into eventoemergencia values (976922515, '2018-09-01 13:22:56', 'Helena', 'Monchique', 73);
insert into eventoemergencia values (949594895, '2018-04-21 19:51:21', 'Jorge', 'Ilhavo', 74);
insert into eventoemergencia values (903050238, '2018-04-03 05:00:14', 'Catarina', 'Silves', 75);
insert into eventoemergencia values (986806600, '2018-03-08 14:12:54', 'Teresa', 'Torres Novas', 76);
insert into eventoemergencia values (918762472, '2018-06-09 21:11:29', 'Jaime', 'Cantanhede', 77);
insert into eventoemergencia values (903395533, '2018-05-01 03:22:56', 'Raquel', 'Beja', 78);
insert into eventoemergencia values (962245530, '2018-07-04 15:13:13', 'Micael', 'Angra do Heroismo', 79);
insert into eventoemergencia values (928463488, '2018-02-05 07:28:27', 'Isabel', 'Monchique', 80);
insert into eventoemergencia values (924494085, '2018-06-10 01:58:56', 'Cristiano', 'Braganca', 81);
insert into eventoemergencia values (980261301, '2018-01-11 16:22:08', 'Gil', 'Esposende', 82);
insert into eventoemergencia values (907304179, '2018-09-03 09:06:15', 'Adriana', 'Ribeira Grande', 83);
insert into eventoemergencia values (972939496, '2018-02-02 17:04:38', 'Ivo', 'Espinho', 84);
insert into eventoemergencia values (971368873, '2018-05-27 20:02:31', 'Elisa', 'Lagos', 85);
insert into eventoemergencia values (921343118, '2018-09-15 11:47:05', 'Tatiana', 'Santiago do Cacem', 86);
insert into eventoemergencia values (991961188, '2018-04-04 21:02:02', 'Vitor', 'Fundao', 87);
insert into eventoemergencia values (961839164, '2018-10-05 19:36:32', 'Eduarda', 'Anadia', 88);
insert into eventoemergencia values (955790490, '2018-01-08 20:22:24', 'Fernando', 'Tondela', 89);
insert into eventoemergencia values (988637181, '2018-03-01 07:16:52', 'Romeu', 'Monchique', 90);
insert into eventoemergencia values (924518643, '2018-02-03 11:43:58', 'Julieta', 'Peniche', 91);
insert into eventoemergencia values (986951842, '2018-08-01 08:42:19', 'Renata', 'Estarreja', 92);
insert into eventoemergencia values (951879452, '2018-02-02 13:57:12', 'Sandro', 'Lamego', 93);
insert into eventoemergencia values (996387924, '2018-07-26 09:22:18', 'Elias', 'Tavira', 94);
insert into eventoemergencia values (962335211, '2018-03-05 15:19:14', 'Igor', 'Lourinha', 95);
insert into eventoemergencia values (985398628, '2018-09-29 20:49:43', 'Micaela', 'Monchique', 96);
insert into eventoemergencia values (942595548, '2018-03-04 17:39:45', 'Mauro', 'Portalegre', 97);
insert into eventoemergencia values (915430306, '2018-03-31 06:27:23', 'Rosa', 'Seia', 98);
insert into eventoemergencia values (942680823, '2018-02-01 13:38:02', 'Alexandra', 'Coimbra', 99);

insert into entidademeio values ('Bombeiros Lisboa');
insert into entidademeio values ('Protecao Civil Lisboa');
insert into entidademeio values ('Policia Lisboa');
insert into entidademeio values ('Policia Maritima Lisboa');
insert into entidademeio values ('Camara Municipal Lisboa');
insert into entidademeio values ('Bombeiros Monchique');
insert into entidademeio values ('Protecao Civil Monchique');
insert into entidademeio values ('Policia Monchique');
insert into entidademeio values ('Policia Maritima Monchique');
insert into entidademeio values ('Camara Municipal Monchique');
insert into entidademeio values ('Bombeiros Ponta Delgada');
insert into entidademeio values ('Protecao Civil Ponta Delgada');
insert into entidademeio values ('Policia Ponta Delgada');
insert into entidademeio values ('Policia Maritima Ponta Delgada');
insert into entidademeio values ('Camara Municipal Ponta Delgada');
insert into entidademeio values ('Bombeiros Ribeira Grande');
insert into entidademeio values ('Protecao Civil Ribeira Grande');
insert into entidademeio values ('Policia Ribeira Grande');
insert into entidademeio values ('Policia Maritima Ribeira Grande');
insert into entidademeio values ('Camara Municipal Ribeira Grande');
insert into entidademeio values ('Bombeiros Porto');
insert into entidademeio values ('Protecao Civil Porto');
insert into entidademeio values ('Policia Porto');
insert into entidademeio values ('Policia Maritima Porto');
insert into entidademeio values ('Camara Municipal Porto');
insert into entidademeio values ('Bombeiros Aveiro');
insert into entidademeio values ('Protecao Civil Aveiro');
insert into entidademeio values ('Policia Aveiro');
insert into entidademeio values ('Policia Maritima Aveiro');
insert into entidademeio values ('Camara Municipal Aveiro');
insert into entidademeio values ('Bombeiros Faro');
insert into entidademeio values ('Protecao Civil Faro');
insert into entidademeio values ('Policia Faro');
insert into entidademeio values ('Policia Maritima Faro');
insert into entidademeio values ('Camara Municipal Faro');
insert into entidademeio values ('Bombeiros Beja');
insert into entidademeio values ('Protecao Civil Beja');
insert into entidademeio values ('Policia Beja');
insert into entidademeio values ('Policia Maritima Beja');
insert into entidademeio values ('Camara Municipal Beja');
insert into entidademeio values ('Bombeiros Abrantes');
insert into entidademeio values ('Protecao Civil Abrantes');
insert into entidademeio values ('Policia Abrantes');
insert into entidademeio values ('Policia Maritima Abrantes');
insert into entidademeio values ('Camara Municipal Abrantes');
insert into entidademeio values ('Bombeiros Coimbra');
insert into entidademeio values ('Protecao Civil Coimbra');
insert into entidademeio values ('Policia Coimbra');
insert into entidademeio values ('Policia Maritima Coimbra');
insert into entidademeio values ('Camara Municipal Coimbra');
insert into entidademeio values ('Bombeiros Leiria');
insert into entidademeio values ('Protecao Civil Leiria');
insert into entidademeio values ('Policia Leiria');
insert into entidademeio values ('Policia Maritima Leiria');
insert into entidademeio values ('Camara Municipal Leiria');
insert into entidademeio values ('Bombeiros Braga');
insert into entidademeio values ('Protecao Civil Braga');
insert into entidademeio values ('Policia Braga');
insert into entidademeio values ('Policia Maritima Braga');
insert into entidademeio values ('Camara Municipal Braga');
insert into entidademeio values ('Bombeiros Angra do Heroismo');
insert into entidademeio values ('Protecao Civil Angra do Heroismo');
insert into entidademeio values ('Policia Angra do Heroismo');
insert into entidademeio values ('Policia Maritima Angra do Heroismo');
insert into entidademeio values ('Camara Municipal Angra do Heroismo');
insert into entidademeio values ('Bombeiros Guimaraes');
insert into entidademeio values ('Protecao Civil Guimaraes');
insert into entidademeio values ('Policia Guimaraes');
insert into entidademeio values ('Policia Maritima Guimaraes');
insert into entidademeio values ('Camara Municipal Guimaraes');
insert into entidademeio values ('Bombeiros Castelo Branco');
insert into entidademeio values ('Protecao Civil Castelo Branco');
insert into entidademeio values ('Policia Castelo Branco');
insert into entidademeio values ('Policia Maritima Castelo Branco');
insert into entidademeio values ('Camara Municipal Castelo Branco');
insert into entidademeio values ('Bombeiros Oliveira do Hospital');
insert into entidademeio values ('Protecao Civil Oliveira do Hospital');
insert into entidademeio values ('Policia Oliveira do Hospital');
insert into entidademeio values ('Policia Maritima Oliveira do Hospital');
insert into entidademeio values ('Camara Municipal Oliveira do Hospital');
insert into entidademeio values ('Bombeiros Varzim');
insert into entidademeio values ('Protecao Civil Varzim');
insert into entidademeio values ('Policia Varzim');
insert into entidademeio values ('Policia Maritima Varzim');
insert into entidademeio values ('Camara Municipal Varzim');
insert into entidademeio values ('Bombeiros Montijo');
insert into entidademeio values ('Protecao Civil Montijo');
insert into entidademeio values ('Policia Montijo');
insert into entidademeio values ('Policia Maritima Montijo');
insert into entidademeio values ('Camara Municipal Montijo');
insert into entidademeio values ('Bombeiros Tondela');
insert into entidademeio values ('Protecao Civil Tondela');
insert into entidademeio values ('Policia Tondela');
insert into entidademeio values ('Policia Maritima Tondela');
insert into entidademeio values ('Camara Municipal Tondela');
insert into entidademeio values ('Bombeiros Portalegre');
insert into entidademeio values ('Protecao Civil Portalegre');
insert into entidademeio values ('Policia Portalegre');
insert into entidademeio values ('Policia Maritima Portalegre');
insert into entidademeio values ('Camara Municipal Portalegre');

insert into meio values (0, 'Carro de Bombeiros', 'Bombeiros Lisboa');
insert into meio values (1, 'Helicoptero', 'Protecao Civil Lisboa');
insert into meio values (2, 'Jipe de Patrulha', 'Policia Lisboa');
insert into meio values (3, 'Lancha', 'Policia Maritima Lisboa');
insert into meio values (4, 'Maquina Pesada', 'Camara Municipal Lisboa');
insert into meio values (5, 'Carro de Bombeiros', 'Bombeiros Monchique');
insert into meio values (6, 'Helicoptero', 'Protecao Civil Monchique');
insert into meio values (7, 'Jipe de Patrulha', 'Policia Monchique');
insert into meio values (8, 'Maquina Pesada', 'Camara Municipal Monchique');
insert into meio values (9, 'Carro de Bombeiros', 'Bombeiros Ponta Delgada');
insert into meio values (10, 'Helicoptero', 'Protecao Civil Ponta Delgada');
insert into meio values (11, 'Jipe de Patrulha', 'Policia Ponta Delgada');
insert into meio values (12, 'Lancha', 'Policia Maritima Ponta Delgada');
insert into meio values (13, 'Maquina Pesada', 'Camara Municipal Ponta Delgada');
insert into meio values (14, 'Carro de Bombeiros', 'Bombeiros Porto');
insert into meio values (15, 'Helicoptero', 'Protecao Civil Porto');
insert into meio values (16, 'Jipe de Patrulha', 'Policia Porto');
insert into meio values (17, 'Lancha', 'Policia Maritima Porto');
insert into meio values (18, 'Maquina Pesada', 'Camara Municipal Porto');
insert into meio values (19, 'Carro de Bombeiros', 'Bombeiros Aveiro');
insert into meio values (20, 'Helicoptero', 'Protecao Civil Aveiro');
insert into meio values (21, 'Jipe de Patrulha', 'Policia Aveiro');
insert into meio values (22, 'Maquina Pesada', 'Camara Municipal Aveiro');
insert into meio values (23, 'Carro de Bombeiros', 'Bombeiros Faro');
insert into meio values (24, 'Helicoptero', 'Protecao Civil Faro');
insert into meio values (25, 'Jipe de Patrulha', 'Policia Faro');
insert into meio values (26, 'Lancha', 'Policia Maritima Faro');
insert into meio values (27, 'Maquina Pesada', 'Camara Municipal Faro');
insert into meio values (28, 'Carro de Bombeiros', 'Bombeiros Beja');
insert into meio values (29, 'Helicoptero', 'Protecao Civil Beja');
insert into meio values (30, 'Jipe de Patrulha', 'Policia Beja');
insert into meio values (31, 'Maquina Pesada', 'Camara Municipal Beja');
insert into meio values (32, 'Carro de Bombeiros', 'Bombeiros Abrantes');
insert into meio values (33, 'Helicoptero', 'Protecao Civil Abrantes');
insert into meio values (34, 'Jipe de Patrulha', 'Policia Abrantes');
insert into meio values (35, 'Maquina Pesada', 'Camara Municipal Abrantes');
insert into meio values (36, 'Carro de Bombeiros', 'Bombeiros Coimbra');
insert into meio values (37, 'Helicoptero', 'Protecao Civil Coimbra');
insert into meio values (38, 'Jipe de Patrulha', 'Policia Coimbra');
insert into meio values (39, 'Maquina Pesada', 'Camara Municipal Coimbra');
insert into meio values (40, 'Carro de Bombeiros', 'Bombeiros Leiria');
insert into meio values (41, 'Helicoptero', 'Protecao Civil Leiria');
insert into meio values (42, 'Jipe de Patrulha', 'Policia Leiria');
insert into meio values (43, 'Maquina Pesada', 'Camara Municipal Leiria');
insert into meio values (44, 'Carro de Bombeiros', 'Bombeiros Braga');
insert into meio values (45, 'Helicoptero', 'Protecao Civil Braga');
insert into meio values (46, 'Jipe de Patrulha', 'Policia Braga');
insert into meio values (47, 'Lancha', 'Policia Maritima Braga');
insert into meio values (48, 'Maquina Pesada', 'Camara Municipal Braga');
insert into meio values (49, 'Carro de Bombeiros', 'Bombeiros Angra do Heroismo');
insert into meio values (50, 'Helicoptero', 'Protecao Civil Angra do Heroismo');
insert into meio values (51, 'Jipe de Patrulha', 'Policia Angra do Heroismo');
insert into meio values (52, 'Lancha', 'Policia Maritima Angra do Heroismo');
insert into meio values (53, 'Maquina Pesada', 'Camara Municipal Angra do Heroismo');
insert into meio values (54, 'Carro de Bombeiros', 'Bombeiros Guimaraes');
insert into meio values (55, 'Helicoptero', 'Protecao Civil Guimaraes');
insert into meio values (56, 'Jipe de Patrulha', 'Policia Guimaraes');
insert into meio values (57, 'Maquina Pesada', 'Camara Municipal Guimaraes');
insert into meio values (58, 'Carro de Bombeiros', 'Bombeiros Castelo Branco');
insert into meio values (59, 'Helicoptero', 'Protecao Civil Castelo Branco');
insert into meio values (60, 'Jipe de Patrulha', 'Policia Castelo Branco');
insert into meio values (61, 'Maquina Pesada', 'Camara Municipal Castelo Branco');
insert into meio values (62, 'Carro de Bombeiros', 'Bombeiros Oliveira do Hospital');
insert into meio values (63, 'Helicoptero', 'Protecao Civil Oliveira do Hospital');
insert into meio values (64, 'Jipe de Patrulha', 'Policia Oliveira do Hospital');
insert into meio values (65, 'Maquina Pesada', 'Camara Municipal Oliveira do Hospital');
insert into meio values (66, 'Carro de Bombeiros', 'Bombeiros Varzim');
insert into meio values (67, 'Helicoptero', 'Protecao Civil Varzim');
insert into meio values (68, 'Jipe de Patrulha', 'Policia Varzim');
insert into meio values (69, 'Maquina Pesada', 'Camara Municipal Varzim');
insert into meio values (70, 'Carro de Bombeiros', 'Bombeiros Montijo');
insert into meio values (71, 'Helicoptero', 'Protecao Civil Montijo');
insert into meio values (72, 'Jipe de Patrulha', 'Policia Montijo');
insert into meio values (73, 'Maquina Pesada', 'Camara Municipal Montijo');
insert into meio values (74, 'Carro de Bombeiros', 'Bombeiros Tondela');
insert into meio values (75, 'Helicoptero', 'Protecao Civil Tondela');
insert into meio values (76, 'Jipe de Patrulha', 'Policia Tondela');
insert into meio values (77, 'Maquina Pesada', 'Camara Municipal Tondela');
insert into meio values (78, 'Carro de Bombeiros', 'Bombeiros Portalegre');
insert into meio values (79, 'Helicoptero', 'Protecao Civil Portalegre');
insert into meio values (80, 'Jipe de Patrulha', 'Policia Portalegre');
insert into meio values (81, 'Maquina Pesada', 'Camara Municipal Portalegre');  --Entidades com mais de 1 meio a partir daqui
insert into meio values (82, 'Carro de Bombeiros', 'Bombeiros Lisboa');
insert into meio values (83, 'Helicoptero', 'Protecao Civil Lisboa');
insert into meio values (84, 'Carro de Bombeiros', 'Bombeiros Monchique');
insert into meio values (85, 'Helicoptero', 'Protecao Civil Monchique');
insert into meio values (86, 'Carro de Bombeiros', 'Bombeiros Ponta Delgada');
insert into meio values (87, 'Carro de Bombeiros', 'Bombeiros Porto');
insert into meio values (88, 'Carro de Bombeiros', 'Bombeiros Aveiro');
insert into meio values (89, 'Carro de Bombeiros', 'Bombeiros Faro');
insert into meio values (90, 'Helicoptero', 'Protecao Civil Faro');
insert into meio values (91, 'Carro de Bombeiros', 'Bombeiros Beja');
insert into meio values (92, 'Carro de Bombeiros', 'Bombeiros Abrantes');
insert into meio values (93, 'Carro de Bombeiros', 'Bombeiros Coimbra');
insert into meio values (94, 'Helicoptero', 'Protecao Civil Coimbra');
insert into meio values (95, 'Carro de Bombeiros', 'Bombeiros Oliveira do Hospital');
insert into meio values (96, 'Carro de Bombeiros', 'Bombeiros Monchique');
insert into meio values (97, 'Maquina Pesada', 'Camara Municipal Monchique');
insert into meio values (98, 'Helicoptero', 'Protecao Civil Lisboa');
insert into meio values (99, 'Carro de Bombeiros', 'Bombeiros Monchique');
insert into meio values (100, 'Carro de Bombeiros', 'Bombeiros Lisboa');
insert into meio values (101, 'Carro de Bombeiros', 'Bombeiros Lisboa');
insert into meio values (102, 'Carro de Bombeiros', 'Bombeiros Lisboa');
insert into meio values (103, 'Carro de Bombeiros', 'Bombeiros Lisboa');
insert into meio values (104, 'Helicoptero', 'Protecao Civil Monchique');

insert into meiocombate values (0, 'Bombeiros Lisboa');
insert into meiocombate values (1, 'Protecao Civil Lisboa');
insert into meiocombate values (4, 'Camara Municipal Lisboa');
insert into meiocombate values (5, 'Bombeiros Monchique');
insert into meiocombate values (6, 'Protecao Civil Monchique');
insert into meiocombate values (8, 'Camara Municipal Monchique');
insert into meiocombate values (9, 'Bombeiros Ponta Delgada');
insert into meiocombate values (10, 'Protecao Civil Ponta Delgada');
insert into meiocombate values (13, 'Camara Municipal Ponta Delgada');
insert into meiocombate values (14, 'Bombeiros Porto');
insert into meiocombate values (15, 'Protecao Civil Porto');
insert into meiocombate values (18, 'Camara Municipal Porto');
insert into meiocombate values (19, 'Bombeiros Aveiro');
insert into meiocombate values (20, 'Protecao Civil Aveiro');
insert into meiocombate values (22, 'Camara Municipal Aveiro');
insert into meiocombate values (23, 'Bombeiros Faro');
insert into meiocombate values (24, 'Protecao Civil Faro');
insert into meiocombate values (27, 'Camara Municipal Faro');
insert into meiocombate values (28, 'Bombeiros Beja');
insert into meiocombate values (29, 'Protecao Civil Beja');
insert into meiocombate values (31, 'Camara Municipal Beja');
insert into meiocombate values (32, 'Bombeiros Abrantes');
insert into meiocombate values (33, 'Protecao Civil Abrantes');
insert into meiocombate values (35, 'Camara Municipal Abrantes');
insert into meiocombate values (36, 'Bombeiros Coimbra');
insert into meiocombate values (37, 'Protecao Civil Coimbra');
insert into meiocombate values (39, 'Camara Municipal Coimbra');
insert into meiocombate values (40, 'Bombeiros Leiria');
insert into meiocombate values (41, 'Protecao Civil Leiria');
insert into meiocombate values (43, 'Camara Municipal Leiria');
insert into meiocombate values (44, 'Bombeiros Braga');
insert into meiocombate values (45, 'Protecao Civil Braga');
insert into meiocombate values (48, 'Camara Municipal Braga');
insert into meiocombate values (49, 'Bombeiros Angra do Heroismo');
insert into meiocombate values (50, 'Protecao Civil Angra do Heroismo');
insert into meiocombate values (53, 'Camara Municipal Angra do Heroismo');
insert into meiocombate values (54, 'Bombeiros Guimaraes');
insert into meiocombate values (55, 'Protecao Civil Guimaraes');
insert into meiocombate values (57, 'Camara Municipal Guimaraes');
insert into meiocombate values (58, 'Bombeiros Castelo Branco');
insert into meiocombate values (59, 'Protecao Civil Castelo Branco');
insert into meiocombate values (61, 'Camara Municipal Castelo Branco');
insert into meiocombate values (62, 'Bombeiros Oliveira do Hospital');
insert into meiocombate values (63, 'Protecao Civil Oliveira do Hospital');
insert into meiocombate values (65, 'Camara Municipal Oliveira do Hospital');
insert into meiocombate values (66, 'Bombeiros Varzim');
insert into meiocombate values (67, 'Protecao Civil Varzim');
insert into meiocombate values (69, 'Camara Municipal Varzim');
insert into meiocombate values (70, 'Bombeiros Montijo');
insert into meiocombate values (71, 'Protecao Civil Montijo');
insert into meiocombate values (73, 'Camara Municipal Montijo');
insert into meiocombate values (74, 'Bombeiros Tondela');
insert into meiocombate values (75, 'Protecao Civil Tondela');
insert into meiocombate values (77, 'Camara Municipal Tondela');
insert into meiocombate values (78, 'Bombeiros Portalegre');
insert into meiocombate values (79, 'Protecao Civil Portalegre');
insert into meiocombate values (81, 'Camara Municipal Portalegre');
insert into meiocombate values (82, 'Bombeiros Lisboa');
insert into meiocombate values (83, 'Protecao Civil Lisboa');
insert into meiocombate values (84, 'Bombeiros Monchique'); --60
insert into meiocombate values (85, 'Protecao Civil Monchique');
insert into meiocombate values (86, 'Bombeiros Ponta Delgada');
insert into meiocombate values (87, 'Bombeiros Porto');
insert into meiocombate values (88, 'Bombeiros Aveiro');
insert into meiocombate values (89, 'Bombeiros Faro');
insert into meiocombate values (90, 'Protecao Civil Faro');
insert into meiocombate values (91, 'Bombeiros Beja');
insert into meiocombate values (92, 'Bombeiros Abrantes');
insert into meiocombate values (93, 'Bombeiros Coimbra');
insert into meiocombate values (94, 'Protecao Civil Coimbra');
insert into meiocombate values (95, 'Bombeiros Oliveira do Hospital');
insert into meiocombate values (96, 'Bombeiros Monchique');
insert into meiocombate values (97, 'Camara Municipal Monchique');
insert into meiocombate values (98, 'Protecao Civil Lisboa');
insert into meiocombate values (99, 'Bombeiros Monchique');
insert into meiocombate values (100, 'Bombeiros Lisboa');
insert into meiocombate values (101, 'Bombeiros Lisboa');
insert into meiocombate values (102, 'Bombeiros Lisboa');
insert into meiocombate values (103, 'Bombeiros Lisboa');
insert into meiocombate values (104, 'Protecao Civil Monchique');

insert into meioapoio values (2, 'Policia Lisboa');
insert into meioapoio values (4, 'Camara Municipal Lisboa');
insert into meioapoio values (7, 'Policia Monchique');
insert into meioapoio values (8, 'Camara Municipal Monchique');
insert into meioapoio values (11, 'Policia Ponta Delgada');
insert into meioapoio values (13, 'Camara Municipal Ponta Delgada');
insert into meioapoio values (16, 'Policia Porto');
insert into meioapoio values (18, 'Camara Municipal Porto');
insert into meioapoio values (21, 'Policia Aveiro');
insert into meioapoio values (22, 'Camara Municipal Aveiro');
insert into meioapoio values (25, 'Policia Faro');
insert into meioapoio values (27, 'Camara Municipal Faro');
insert into meioapoio values (30, 'Policia Beja');
insert into meioapoio values (31, 'Camara Municipal Beja');
insert into meioapoio values (34, 'Policia Abrantes');
insert into meioapoio values (35, 'Camara Municipal Abrantes');
insert into meioapoio values (38, 'Policia Coimbra');
insert into meioapoio values (39, 'Camara Municipal Coimbra');
insert into meioapoio values (42, 'Policia Leiria');
insert into meioapoio values (43, 'Camara Municipal Leiria');
insert into meioapoio values (46, 'Policia Braga');
insert into meioapoio values (48, 'Camara Municipal Braga');
insert into meioapoio values (51, 'Policia Angra do Heroismo');
insert into meioapoio values (53, 'Camara Municipal Angra do Heroismo');
insert into meioapoio values (56, 'Policia Guimaraes');
insert into meioapoio values (57, 'Camara Municipal Guimaraes');
insert into meioapoio values (60, 'Policia Castelo Branco');
insert into meioapoio values (61, 'Camara Municipal Castelo Branco');
insert into meioapoio values (64, 'Policia Oliveira do Hospital');
insert into meioapoio values (65, 'Camara Municipal Oliveira do Hospital');
insert into meioapoio values (68, 'Policia Varzim');
insert into meioapoio values (69, 'Camara Municipal Varzim');
insert into meioapoio values (72, 'Policia Montijo');
insert into meioapoio values (73, 'Camara Municipal Montijo');
insert into meioapoio values (76, 'Policia Tondela');
insert into meioapoio values (77, 'Camara Municipal Tondela');
insert into meioapoio values (80, 'Policia Portalegre');
insert into meioapoio values (81, 'Camara Municipal Portalegre');
insert into meioapoio values (97, 'Camara Municipal Monchique');
insert into meioapoio values (104, 'Protecao Civil Monchique');

insert into meiosocorro values (1, 'Protecao Civil Lisboa');
insert into meiosocorro values (2, 'Policia Lisboa');
insert into meiosocorro values (3, 'Policia Maritima Lisboa');
insert into meiosocorro values (6, 'Protecao Civil Monchique');
insert into meiosocorro values (7, 'Policia Monchique');
insert into meiosocorro values (10, 'Protecao Civil Ponta Delgada');
insert into meiosocorro values (11, 'Policia Ponta Delgada');
insert into meiosocorro values (12, 'Policia Maritima Ponta Delgada');
insert into meiosocorro values (15, 'Protecao Civil Porto');
insert into meiosocorro values (16, 'Policia Porto');
insert into meiosocorro values (17, 'Policia Maritima Porto');
insert into meiosocorro values (20, 'Protecao Civil Aveiro');
insert into meiosocorro values (21, 'Policia Aveiro');
insert into meiosocorro values (24, 'Protecao Civil Faro');
insert into meiosocorro values (25, 'Policia Faro');
insert into meiosocorro values (26, 'Policia Maritima Faro');
insert into meiosocorro values (29, 'Protecao Civil Beja');
insert into meiosocorro values (30, 'Policia Beja');
insert into meiosocorro values (33, 'Protecao Civil Abrantes');
insert into meiosocorro values (34, 'Policia Abrantes');
insert into meiosocorro values (37, 'Protecao Civil Coimbra');
insert into meiosocorro values (38, 'Policia Coimbra');
insert into meiosocorro values (41, 'Protecao Civil Leiria');
insert into meiosocorro values (42, 'Policia Leiria');
insert into meiosocorro values (45, 'Protecao Civil Braga');
insert into meiosocorro values (46, 'Policia Braga');
insert into meiosocorro values (47, 'Policia Maritima Braga');
insert into meiosocorro values (50, 'Protecao Civil Angra do Heroismo');
insert into meiosocorro values (51, 'Policia Angra do Heroismo');
insert into meiosocorro values (52, 'Policia Maritima Angra do Heroismo');
insert into meiosocorro values (55, 'Protecao Civil Guimaraes');
insert into meiosocorro values (56, 'Policia Guimaraes');
insert into meiosocorro values (59, 'Protecao Civil Castelo Branco');
insert into meiosocorro values (60, 'Policia Castelo Branco');
insert into meiosocorro values (63, 'Protecao Civil Oliveira do Hospital');
insert into meiosocorro values (64, 'Policia Oliveira do Hospital');
insert into meiosocorro values (67, 'Protecao Civil Varzim');
insert into meiosocorro values (68, 'Policia Varzim');
insert into meiosocorro values (71, 'Protecao Civil Montijo');
insert into meiosocorro values (72, 'Policia Montijo');
insert into meiosocorro values (75, 'Protecao Civil Tondela');
insert into meiosocorro values (76, 'Policia Tondela');
insert into meiosocorro values (79, 'Protecao Civil Portalegre');
insert into meiosocorro values (80, 'Policia Portalegre');
insert into meiosocorro values (83, 'Protecao Civil Lisboa');
insert into meiosocorro values (85, 'Protecao Civil Monchique');
insert into meiosocorro values (90, 'Protecao Civil Faro');
insert into meiosocorro values (94, 'Protecao Civil Coimbra');
insert into meiosocorro values (98, 'Protecao Civil Lisboa');




insert into transporta values (1, 'Protecao Civil Lisboa', 05, 1);
insert into transporta values (2, 'Policia Lisboa', 14, 2);
insert into transporta values (3, 'Policia Maritima Lisboa', 89, 3);
insert into transporta values (6, 'Protecao Civil Monchique', 08,6);
insert into transporta values (7, 'Policia Monchique', 10,7);
insert into transporta values (10, 'Protecao Civil Ponta Delgada', 52,10);
insert into transporta values (11, 'Policia Ponta Delgada', 38,11);
insert into transporta values (12, 'Policia Maritima Ponta Delgada', 44,12);
insert into transporta values (15, 'Protecao Civil Porto', 01,15);
insert into transporta values (16, 'Policia Porto', 19,16);
insert into transporta values (17, 'Policia Maritima Porto', 59,17);
insert into transporta values (20, 'Protecao Civil Aveiro', 28,20);
insert into transporta values (21, 'Policia Aveiro', 27,21);
insert into transporta values (24, 'Protecao Civil Faro', 41,24);
insert into transporta values (25, 'Policia Faro', 08,25);
insert into transporta values (26, 'Policia Maritima Faro', 73,26);
insert into transporta values (29, 'Protecao Civil Beja', 85,29);
insert into transporta values (30, 'Policia Beja', 78,30);
insert into transporta values (33, 'Protecao Civil Abrantes', 26,33);
insert into transporta values (34, 'Policia Abrantes', 74,34);
insert into transporta values (37, 'Protecao Civil Coimbra', 13,37);
insert into transporta values (38, 'Policia Coimbra', 32,38);
insert into transporta values (41, 'Protecao Civil Leiria', 87,41);
insert into transporta values (42, 'Policia Leiria', 76,42);
insert into transporta values (45, 'Protecao Civil Braga', 85,45);
insert into transporta values (46, 'Policia Braga', 11,46);
insert into transporta values (47, 'Policia Maritima Braga', 38,47);
insert into transporta values (50, 'Protecao Civil Angra do Heroismo', 12,50);
insert into transporta values (51, 'Policia Angra do Heroismo', 84,51);
insert into transporta values (52, 'Policia Maritima Angra do Heroismo', 04,52);
insert into transporta values (55, 'Protecao Civil Guimaraes', 11,55);
insert into transporta values (56, 'Policia Guimaraes', 44,56);
insert into transporta values (59, 'Protecao Civil Castelo Branco', 61,59);
insert into transporta values (60, 'Policia Castelo Branco', 95,60);
insert into transporta values (63, 'Protecao Civil Oliveira do Hospital', 22,63);
insert into transporta values (64, 'Policia Oliveira do Hospital', 05,64);
insert into transporta values (67, 'Protecao Civil Varzim', 98,67);
insert into transporta values (68, 'Policia Varzim', 98,68);
insert into transporta values (71, 'Protecao Civil Montijo', 79,71);
insert into transporta values (72, 'Policia Montijo', 14,72);
insert into transporta values (75, 'Protecao Civil Tondela', 14,75);
insert into transporta values (76, 'Policia Tondela', 20,76);
insert into transporta values (79, 'Protecao Civil Portalegre', 06,79);
insert into transporta values (80, 'Policia Portalegre', 26,80);
insert into transporta values (83, 'Protecao Civil Lisboa', 56,83);
insert into transporta values (85, 'Protecao Civil Monchique', 52,85);
insert into transporta values (90, 'Protecao Civil Faro', 41,90);
insert into transporta values (94, 'Protecao Civil Coimbra', 07,94);
insert into transporta values (98, 'Protecao Civil Lisboa', 52,98);





insert into alocado values (2, 'Policia Lisboa', 26,2);
insert into alocado values (4, 'Camara Municipal Lisboa', 14,4);
insert into alocado values (7, 'Policia Monchique', 19,7);
insert into alocado values (8, 'Camara Municipal Monchique', 85,8);
insert into alocado values (11, 'Policia Ponta Delgada', 91,11);
insert into alocado values (13, 'Camara Municipal Ponta Delgada', 45,13);
insert into alocado values (16, 'Policia Porto', 21,16);
insert into alocado values (18, 'Camara Municipal Porto', 81,18);
insert into alocado values (21, 'Policia Aveiro', 51,21);
insert into alocado values (22, 'Camara Municipal Aveiro', 96,22);
insert into alocado values (25, 'Policia Faro', 59,25);
insert into alocado values (27, 'Camara Municipal Faro', 68,27);
insert into alocado values (30, 'Policia Beja', 62,30);
insert into alocado values (31, 'Camara Municipal Beja', 73,31);
insert into alocado values (34, 'Policia Abrantes', 48,34);
insert into alocado values (35, 'Camara Municipal Abrantes', 61,35);
insert into alocado values (38, 'Policia Coimbra', 60,38);
insert into alocado values (39, 'Camara Municipal Coimbra', 58,39);
insert into alocado values (42, 'Policia Leiria', 88,42);
insert into alocado values (43, 'Camara Municipal Leiria', 33,43);
insert into alocado values (46, 'Policia Braga', 46,46);
insert into alocado values (48, 'Camara Municipal Braga', 96,48);
insert into alocado values (51, 'Policia Angra do Heroismo', 44,51);
insert into alocado values (53, 'Camara Municipal Angra do Heroismo', 05,53);
insert into alocado values (56, 'Policia Guimaraes', 01,56);
insert into alocado values (57, 'Camara Municipal Guimaraes', 72,57);
insert into alocado values (60, 'Policia Castelo Branco', 22,60);
insert into alocado values (61, 'Camara Municipal Castelo Branco', 04,61);
insert into alocado values (64, 'Policia Oliveira do Hospital', 08,64);
insert into alocado values (65, 'Camara Municipal Oliveira do Hospital', 56,65);
insert into alocado values (68, 'Policia Varzim', 01,68);
insert into alocado values (69, 'Camara Municipal Varzim', 54,69);
insert into alocado values (72, 'Policia Montijo', 03,72);
insert into alocado values (73, 'Camara Municipal Montijo', 60,73);
insert into alocado values (76, 'Policia Tondela', 04,76);
insert into alocado values (77, 'Camara Municipal Tondela', 06,77);
insert into alocado values (80, 'Policia Portalegre', 67,80);
insert into alocado values (81, 'Camara Municipal Portalegre', 62,81);
insert into alocado values (97, 'Camara Municipal Monchique', 63,97);
insert into alocado values (104, 'Protecao Civil Monchique', 12, 0);





insert into acciona values (0, 'Bombeiros Lisboa', 0);
insert into acciona values (1, 'Protecao Civil Lisboa', 1);
insert into acciona values (2, 'Policia Lisboa', 2);
insert into acciona values (3, 'Policia Maritima Lisboa', 3);
insert into acciona values (4, 'Camara Municipal Lisboa', 4);
insert into acciona values (5, 'Bombeiros Monchique', 5);
insert into acciona values (6, 'Protecao Civil Monchique', 6);
insert into acciona values (7, 'Policia Monchique', 7);
insert into acciona values (8, 'Camara Municipal Monchique', 8);
insert into acciona values (9, 'Bombeiros Ponta Delgada', 9);
insert into acciona values (10, 'Protecao Civil Ponta Delgada', 10);
insert into acciona values (11, 'Policia Ponta Delgada', 11);
insert into acciona values (12, 'Policia Maritima Ponta Delgada', 12);
insert into acciona values (13, 'Camara Municipal Ponta Delgada', 13);
insert into acciona values (14, 'Bombeiros Porto', 14);
insert into acciona values (15, 'Protecao Civil Porto', 15);
insert into acciona values (16, 'Policia Porto', 16);
insert into acciona values (17, 'Policia Maritima Porto', 17);
insert into acciona values (18, 'Camara Municipal Porto', 18);
insert into acciona values (19, 'Bombeiros Aveiro', 19);
insert into acciona values (20, 'Protecao Civil Aveiro', 20);
insert into acciona values (21, 'Policia Aveiro', 21);
insert into acciona values (22, 'Camara Municipal Aveiro', 22);
insert into acciona values (23, 'Bombeiros Faro', 23);
insert into acciona values (24, 'Protecao Civil Faro', 24);
insert into acciona values (25, 'Policia Faro', 25);
insert into acciona values (26, 'Policia Maritima Faro', 26);
insert into acciona values (27, 'Camara Municipal Faro', 27);
insert into acciona values (28, 'Bombeiros Beja', 28);
insert into acciona values (29, 'Protecao Civil Beja', 29);
insert into acciona values (30, 'Policia Beja', 30);
insert into acciona values (31, 'Camara Municipal Beja', 31);
insert into acciona values (32, 'Bombeiros Abrantes', 32);
insert into acciona values (33, 'Protecao Civil Abrantes', 33);
insert into acciona values (34, 'Policia Abrantes', 34);
insert into acciona values (35, 'Camara Municipal Abrantes', 35);
insert into acciona values (36, 'Bombeiros Coimbra', 36);
insert into acciona values (37, 'Protecao Civil Coimbra', 37);
insert into acciona values (38, 'Policia Coimbra', 38);
insert into acciona values (39, 'Camara Municipal Coimbra', 39);
insert into acciona values (40, 'Bombeiros Leiria', 40);
insert into acciona values (41, 'Protecao Civil Leiria', 41);
insert into acciona values (42, 'Policia Leiria', 42);
insert into acciona values (43, 'Camara Municipal Leiria', 43);
insert into acciona values (44, 'Bombeiros Braga', 44);
insert into acciona values (45, 'Protecao Civil Braga', 45);
insert into acciona values (46, 'Policia Braga', 46);
insert into acciona values (47, 'Policia Maritima Braga', 47);
insert into acciona values (48, 'Camara Municipal Braga', 48);
insert into acciona values (49, 'Bombeiros Angra do Heroismo', 49);
insert into acciona values (50, 'Protecao Civil Angra do Heroismo', 50);
insert into acciona values (51, 'Policia Angra do Heroismo', 51);
insert into acciona values (52, 'Policia Maritima Angra do Heroismo', 52);
insert into acciona values (53, 'Camara Municipal Angra do Heroismo', 53);
insert into acciona values (54, 'Bombeiros Guimaraes', 54);
insert into acciona values (55, 'Protecao Civil Guimaraes', 55);
insert into acciona values (56, 'Policia Guimaraes', 56);
insert into acciona values (57, 'Camara Municipal Guimaraes', 57);
insert into acciona values (58, 'Bombeiros Castelo Branco', 58);
insert into acciona values (59, 'Protecao Civil Castelo Branco', 59);
insert into acciona values (60, 'Policia Castelo Branco', 60);
insert into acciona values (61, 'Camara Municipal Castelo Branco', 61);
insert into acciona values (62, 'Bombeiros Oliveira do Hospital', 62);
insert into acciona values (63, 'Protecao Civil Oliveira do Hospital', 63);
insert into acciona values (64, 'Policia Oliveira do Hospital', 64);
insert into acciona values (65, 'Camara Municipal Oliveira do Hospital', 65);
insert into acciona values (66, 'Bombeiros Varzim', 66);
insert into acciona values (67, 'Protecao Civil Varzim', 67);
insert into acciona values (68, 'Policia Varzim', 68);
insert into acciona values (69, 'Camara Municipal Varzim', 69);
insert into acciona values (70, 'Bombeiros Montijo', 70);
insert into acciona values (71, 'Protecao Civil Montijo', 71);
insert into acciona values (72, 'Policia Montijo', 72);
insert into acciona values (73, 'Camara Municipal Montijo', 73);
insert into acciona values (74, 'Bombeiros Tondela', 74);
insert into acciona values (75, 'Protecao Civil Tondela', 75);
insert into acciona values (76, 'Policia Tondela', 76);
insert into acciona values (77, 'Camara Municipal Tondela', 77);
insert into acciona values (78, 'Bombeiros Portalegre', 78);
insert into acciona values (79, 'Protecao Civil Portalegre', 79);
insert into acciona values (80, 'Policia Portalegre', 80);
insert into acciona values (81, 'Camara Municipal Portalegre', 81);
insert into acciona values (82, 'Bombeiros Lisboa', 82);
insert into acciona values (83, 'Protecao Civil Lisboa', 83);
insert into acciona values (84, 'Bombeiros Monchique', 84);
insert into acciona values (85, 'Protecao Civil Monchique', 85);
insert into acciona values (86, 'Bombeiros Ponta Delgada', 86);
insert into acciona values (87, 'Bombeiros Porto', 87);
insert into acciona values (88, 'Bombeiros Aveiro', 88);
insert into acciona values (89, 'Bombeiros Faro', 89);
insert into acciona values (90, 'Protecao Civil Faro', 90);
insert into acciona values (91, 'Bombeiros Beja', 91);
insert into acciona values (92, 'Bombeiros Abrantes', 92);
insert into acciona values (93, 'Bombeiros Coimbra', 93);
insert into acciona values (94, 'Protecao Civil Coimbra', 94);
insert into acciona values (95, 'Bombeiros Oliveira do Hospital', 95);
insert into acciona values (96, 'Bombeiros Monchique', 96);
insert into acciona values (97, 'Camara Municipal Monchique', 97);
insert into acciona values (98, 'Protecao Civil Lisboa', 98);
insert into acciona values (99, 'Bombeiros Monchique', 99);
insert into acciona values (100, 'Bombeiros Lisboa', 5);
insert into acciona values (101, 'Bombeiros Lisboa', 5);
insert into acciona values (102, 'Bombeiros Lisboa', 5);
insert into acciona values (103, 'Bombeiros Lisboa', 5);
insert into acciona values (104, 'Protecao Civil Monchique', 0);
insert into acciona values (104, 'Protecao Civil Monchique', 1);
insert into acciona values (5, 'Bombeiros Monchique', 0);
insert into acciona values (5, 'Bombeiros Monchique', 1);
insert into acciona values (5, 'Bombeiros Monchique', 2);
insert into acciona values (5, 'Bombeiros Monchique', 3);
insert into acciona values (5, 'Bombeiros Monchique', 4);
insert into acciona values (5, 'Bombeiros Monchique', 6);
insert into acciona values (5, 'Bombeiros Monchique', 7);
insert into acciona values (5, 'Bombeiros Monchique', 8);
insert into acciona values (5, 'Bombeiros Monchique', 9);
insert into acciona values (5, 'Bombeiros Monchique', 10);
insert into acciona values (5, 'Bombeiros Monchique', 11);
insert into acciona values (5, 'Bombeiros Monchique', 12);
insert into acciona values (5, 'Bombeiros Monchique', 13);
insert into acciona values (5, 'Bombeiros Monchique', 14);
insert into acciona values (5, 'Bombeiros Monchique', 15);
insert into acciona values (5, 'Bombeiros Monchique', 16);
insert into acciona values (5, 'Bombeiros Monchique', 17);
insert into acciona values (5, 'Bombeiros Monchique', 18);
insert into acciona values (5, 'Bombeiros Monchique', 19);
insert into acciona values (5, 'Bombeiros Monchique', 20);
insert into acciona values (5, 'Bombeiros Monchique', 21);
insert into acciona values (5, 'Bombeiros Monchique', 22);
insert into acciona values (5, 'Bombeiros Monchique', 23);
insert into acciona values (5, 'Bombeiros Monchique', 24);
insert into acciona values (5, 'Bombeiros Monchique', 25);
insert into acciona values (5, 'Bombeiros Monchique', 26);
insert into acciona values (5, 'Bombeiros Monchique', 27);
insert into acciona values (5, 'Bombeiros Monchique', 28);
insert into acciona values (5, 'Bombeiros Monchique', 29);
insert into acciona values (5, 'Bombeiros Monchique', 30);
insert into acciona values (5, 'Bombeiros Monchique', 31);
insert into acciona values (5, 'Bombeiros Monchique', 32);
insert into acciona values (5, 'Bombeiros Monchique', 33);
insert into acciona values (5, 'Bombeiros Monchique', 34);
insert into acciona values (5, 'Bombeiros Monchique', 35);
insert into acciona values (5, 'Bombeiros Monchique', 36);
insert into acciona values (5, 'Bombeiros Monchique', 37);
insert into acciona values (5, 'Bombeiros Monchique', 38);
insert into acciona values (5, 'Bombeiros Monchique', 39);
insert into acciona values (5, 'Bombeiros Monchique', 40);
insert into acciona values (5, 'Bombeiros Monchique', 41);
insert into acciona values (5, 'Bombeiros Monchique', 42);
insert into acciona values (5, 'Bombeiros Monchique', 43);
insert into acciona values (5, 'Bombeiros Monchique', 44);
insert into acciona values (5, 'Bombeiros Monchique', 45);
insert into acciona values (5, 'Bombeiros Monchique', 46);
insert into acciona values (5, 'Bombeiros Monchique', 47);
insert into acciona values (5, 'Bombeiros Monchique', 48);
insert into acciona values (5, 'Bombeiros Monchique', 49);
insert into acciona values (5, 'Bombeiros Monchique', 50);
insert into acciona values (5, 'Bombeiros Monchique', 51);
insert into acciona values (5, 'Bombeiros Monchique', 52);
insert into acciona values (5, 'Bombeiros Monchique', 53);
insert into acciona values (5, 'Bombeiros Monchique', 54);
insert into acciona values (5, 'Bombeiros Monchique', 55);
insert into acciona values (5, 'Bombeiros Monchique', 56);
insert into acciona values (5, 'Bombeiros Monchique', 57);
insert into acciona values (5, 'Bombeiros Monchique', 58);
insert into acciona values (5, 'Bombeiros Monchique', 59);
insert into acciona values (5, 'Bombeiros Monchique', 60);
insert into acciona values (5, 'Bombeiros Monchique', 61);
insert into acciona values (5, 'Bombeiros Monchique', 62);
insert into acciona values (5, 'Bombeiros Monchique', 63);
insert into acciona values (5, 'Bombeiros Monchique', 64);
insert into acciona values (5, 'Bombeiros Monchique', 65);
insert into acciona values (5, 'Bombeiros Monchique', 66);
insert into acciona values (5, 'Bombeiros Monchique', 67);
insert into acciona values (5, 'Bombeiros Monchique', 68);
insert into acciona values (5, 'Bombeiros Monchique', 69);
insert into acciona values (5, 'Bombeiros Monchique', 70);
insert into acciona values (5, 'Bombeiros Monchique', 71);
insert into acciona values (5, 'Bombeiros Monchique', 72);
insert into acciona values (5, 'Bombeiros Monchique', 73);
insert into acciona values (5, 'Bombeiros Monchique', 74);
insert into acciona values (5, 'Bombeiros Monchique', 75);
insert into acciona values (5, 'Bombeiros Monchique', 76);
insert into acciona values (5, 'Bombeiros Monchique', 77);
insert into acciona values (5, 'Bombeiros Monchique', 78);
insert into acciona values (5, 'Bombeiros Monchique', 79);
insert into acciona values (5, 'Bombeiros Monchique', 80);
insert into acciona values (5, 'Bombeiros Monchique', 81);
insert into acciona values (5, 'Bombeiros Monchique', 82);
insert into acciona values (5, 'Bombeiros Monchique', 83);
insert into acciona values (5, 'Bombeiros Monchique', 85);
insert into acciona values (5, 'Bombeiros Monchique', 86);
insert into acciona values (5, 'Bombeiros Monchique', 87);
insert into acciona values (5, 'Bombeiros Monchique', 88);
insert into acciona values (5, 'Bombeiros Monchique', 89);
insert into acciona values (5, 'Bombeiros Monchique', 90);
insert into acciona values (5, 'Bombeiros Monchique', 91);
insert into acciona values (5, 'Bombeiros Monchique', 92);
insert into acciona values (5, 'Bombeiros Monchique', 93);
insert into acciona values (5, 'Bombeiros Monchique', 94);
insert into acciona values (5, 'Bombeiros Monchique', 95);
insert into acciona values (5, 'Bombeiros Monchique', 97);
insert into acciona values (5, 'Bombeiros Monchique', 98);



insert into coordenador values (0);
insert into coordenador values (1);
insert into coordenador values (2);
insert into coordenador values (3);
insert into coordenador values (4);
insert into coordenador values (5);
insert into coordenador values (6);
insert into coordenador values (7);
insert into coordenador values (8);
insert into coordenador values (9);
insert into coordenador values (10);
insert into coordenador values (11);
insert into coordenador values (12);
insert into coordenador values (13);
insert into coordenador values (14);
insert into coordenador values (15);
insert into coordenador values (16);
insert into coordenador values (17);
insert into coordenador values (18);
insert into coordenador values (19);
insert into coordenador values (20);
insert into coordenador values (21);
insert into coordenador values (22);
insert into coordenador values (23);
insert into coordenador values (24);
insert into coordenador values (25);
insert into coordenador values (26);
insert into coordenador values (27);
insert into coordenador values (28);
insert into coordenador values (29);
insert into coordenador values (30);
insert into coordenador values (31);
insert into coordenador values (32);
insert into coordenador values (33);
insert into coordenador values (34);
insert into coordenador values (35);
insert into coordenador values (36);
insert into coordenador values (37);
insert into coordenador values (38);
insert into coordenador values (39);
insert into coordenador values (40);
insert into coordenador values (41);
insert into coordenador values (42);
insert into coordenador values (43);
insert into coordenador values (44);
insert into coordenador values (45);
insert into coordenador values (46);
insert into coordenador values (47);
insert into coordenador values (48);
insert into coordenador values (49);
insert into coordenador values (50);
insert into coordenador values (51);
insert into coordenador values (52);
insert into coordenador values (53);
insert into coordenador values (54);
insert into coordenador values (55);
insert into coordenador values (56);
insert into coordenador values (57);
insert into coordenador values (58);
insert into coordenador values (59);
insert into coordenador values (60);
insert into coordenador values (61);
insert into coordenador values (62);
insert into coordenador values (63);
insert into coordenador values (64);
insert into coordenador values (65);
insert into coordenador values (66);
insert into coordenador values (67);
insert into coordenador values (68);
insert into coordenador values (69);
insert into coordenador values (70);
insert into coordenador values (71);
insert into coordenador values (72);
insert into coordenador values (73);
insert into coordenador values (74);
insert into coordenador values (75);
insert into coordenador values (76);
insert into coordenador values (77);
insert into coordenador values (78);
insert into coordenador values (79);
insert into coordenador values (80);
insert into coordenador values (81);
insert into coordenador values (82);
insert into coordenador values (83);
insert into coordenador values (84);
insert into coordenador values (85);
insert into coordenador values (86);
insert into coordenador values (87);
insert into coordenador values (88);
insert into coordenador values (89);
insert into coordenador values (90);
insert into coordenador values (91);
insert into coordenador values (92);
insert into coordenador values (93);
insert into coordenador values (94);
insert into coordenador values (95);
insert into coordenador values (96);
insert into coordenador values (97);
insert into coordenador values (98);
insert into coordenador values (99);

insert into audita values (0, 0, 'Bombeiros Lisboa', 0, '2018-09-17 07:59:12', '2018-09-17 08:59:12', '2017-09-17 07:59:12', 'Auditoria 0');
insert into audita values (1, 1, 'Protecao Civil Lisboa', 1, '2018-08-07 11:17:57', '2018-08-07 12:17:57', '2017-08-07 11:17:57', 'Auditoria 1');
insert into audita values (2, 2, 'Policia Lisboa', 2, '2018-07-11 15:18:16', '2018-07-11 16:18:16', '2017-07-11 15:18:16', 'Auditoria 2');
insert into audita values (3, 3, 'Policia Maritima Lisboa', 3, '2018-08-18 19:59:47', '2018-08-18 20:59:47', '2017-08-18 19:59:47', 'Auditoria 3');
insert into audita values (4, 4, 'Camara Municipal Lisboa', 4, '2018-07-01 20:57:55', '2018-07-01 21:57:55', '2017-07-01 20:57:55', 'Auditoria 4');
insert into audita values (5, 5, 'Bombeiros Monchique', 5, '2018-08-18 16:34:23', '2018-08-18 17:34:23', '2017-08-18 16:34:23', 'Auditoria 5');
insert into audita values (6, 6, 'Protecao Civil Monchique', 6, '2018-06-23 12:33:53', '2018-06-23 13:33:53', '2017-06-23 12:33:53', 'Auditoria 6');
insert into audita values (7, 7, 'Policia Monchique', 7, '2018-06-14 08:02:00', '2018-06-14 09:02:00', '2017-06-14 08:02:00', 'Auditoria 7');
insert into audita values (8, 8, 'Camara Municipal Monchique', 8, '2018-07-12 10:45:26', '2018-07-12 11:45:26', '2017-07-12 10:45:26', 'Auditoria 8');
insert into audita values (9, 9, 'Bombeiros Ponta Delgada', 9, '2018-07-13 14:26:32', '2018-07-13 15:26:32', '2017-07-13 14:26:32', 'Auditoria 9');
insert into audita values (10, 10, 'Protecao Civil Ponta Delgada', 10, '2018-06-28 18:09:43', '2018-06-28 19:09:43', '2017-06-28 18:09:43', 'Auditoria 10');
insert into audita values (11, 11, 'Policia Ponta Delgada', 11, '2018-07-12 20:01:11', '2018-07-12 21:01:11', '2017-07-12 20:01:11', 'Auditoria 11');
insert into audita values (12, 12, 'Policia Maritima Ponta Delgada', 12, '2018-06-18 16:02:10', '2018-06-18 17:02:10', '2017-06-18 16:02:10', 'Auditoria 12');
insert into audita values (13, 13, 'Camara Municipal Ponta Delgada', 13, '2018-09-15 14:30:46', '2018-09-15 15:30:46', '2017-09-15 14:30:46', 'Auditoria 13');
insert into audita values (14, 14, 'Bombeiros Porto', 14, '2018-08-19 10:30:07', '2018-08-19 11:30:07', '2017-08-19 10:30:07', 'Auditoria 14');
insert into audita values (15, 15, 'Protecao Civil Porto', 15, '2018-07-05 07:03:04', '2018-07-05 08:03:04', '2017-07-05 07:03:04', 'Auditoria 15');
insert into audita values (16, 16, 'Policia Porto', 16, '2018-10-04 10:42:59', '2018-10-04 11:42:59', '2017-10-04 10:42:59', 'Auditoria 16');
insert into audita values (17, 17, 'Policia Maritima Porto', 17, '2018-06-27 13:47:12', '2018-06-27 14:47:12', '2017-06-27 13:47:12', 'Auditoria 17');
insert into audita values (18, 18, 'Camara Municipal Porto', 18, '2018-09-12 16:00:46', '2018-09-12 17:00:46', '2017-09-12 16:00:46', 'Auditoria 18');
insert into audita values (19, 19, 'Bombeiros Aveiro', 19, '2018-09-08 19:10:21', '2018-09-08 20:10:21', '2017-09-08 19:10:21', 'Auditoria 19');
insert into audita values (20, 20, 'Protecao Civil Aveiro', 20, '2018-08-14 20:55:16', '2018-08-14 21:55:16', '2017-08-14 20:55:16', 'Auditoria 20');
insert into audita values (21, 21, 'Policia Aveiro', 21, '2018-09-17 07:59:12', '2018-09-17 08:59:12', '2017-09-17 07:59:12', 'Auditoria 21'); 
insert into audita values (22, 22, 'Camara Municipal Aveiro', 22, '2018-08-07 11:17:57', '2018-08-07 12:17:57', '2017-08-07 11:17:57', 'Auditoria 22');
insert into audita values (23, 23, 'Bombeiros Faro', 23, '2018-07-11 15:18:16', '2018-07-11 16:18:16', '2017-07-11 15:18:16', 'Auditoria 23');
insert into audita values (24, 24, 'Protecao Civil Faro', 24, '2018-08-18 19:59:47', '2018-08-18 20:59:47', '2017-08-18 19:59:47', 'Auditoria 24');
insert into audita values (25, 25, 'Policia Faro', 25, '2018-07-01 20:57:55', '2018-07-01 21:57:55', '2017-07-01 20:57:55', 'Auditoria 25');
insert into audita values (26, 26, 'Policia Maritima Faro', 26, '2018-08-18 16:34:23', '2018-08-18 17:34:23', '2017-08-18 16:34:23', 'Auditoria 26');
insert into audita values (27, 27, 'Camara Municipal Faro', 27, '2018-06-23 12:33:53', '2018-06-23 13:33:53', '2017-06-23 12:33:53', 'Auditoria 27');
insert into audita values (28, 28, 'Bombeiros Beja', 28, '2018-06-14 08:02:00', '2018-06-14 09:02:00', '2017-06-14 08:02:00', 'Auditoria 28');
insert into audita values (29, 29, 'Protecao Civil Beja', 29, '2018-07-12 10:45:26', '2018-07-12 11:45:26', '2017-07-12 10:45:26', 'Auditoria 29');
insert into audita values (30, 30, 'Policia Beja', 30, '2018-07-13 14:26:32', '2018-07-13 15:26:32', '2017-07-13 14:26:32', 'Auditoria 30');
insert into audita values (31, 31, 'Camara Municipal Beja', 31, '2018-06-28 18:09:43', '2018-06-28 19:09:43', '2017-06-28 18:09:43', 'Auditoria 31');
insert into audita values (32, 32, 'Bombeiros Abrantes', 32, '2018-07-12 20:01:11', '2018-07-12 21:01:11', '2017-07-12 20:01:11', 'Auditoria 32');
insert into audita values (33, 33, 'Protecao Civil Abrantes', 33, '2018-06-18 16:02:10', '2018-06-18 17:02:10', '2017-06-18 16:02:10', 'Auditoria 33');
insert into audita values (34, 34, 'Policia Abrantes', 34, '2018-09-15 14:30:46', '2018-09-15 15:30:46', '2017-09-15 14:30:46', 'Auditoria 34');
insert into audita values (35, 35, 'Camara Municipal Abrantes', 35, '2018-08-19 10:30:07', '2018-08-19 11:30:07', '2017-08-19 10:30:07', 'Auditoria 35');
insert into audita values (36, 36, 'Bombeiros Coimbra', 36, '2018-07-05 07:03:04', '2018-07-05 08:03:04', '2017-07-05 07:03:04', 'Auditoria 36');
--insert into audita values (37, 37, 'Protecao Civil Coimbra', 37, '2018-10-04 10:42:59', '2018-10-04 11:42:59', '2017-10-04 10:42:59', 'Auditoria 37');
insert into audita values (38, 38, 'Policia Coimbra', 38, '2018-06-27 13:47:12', '2018-06-27 14:47:12', '2017-06-27 13:47:12', 'Auditoria 38');
insert into audita values (39, 39, 'Camara Municipal Coimbra', 39, '2018-09-12 16:00:46', '2018-09-12 17:00:46', '2017-09-12 16:00:46', 'Auditoria 39');
insert into audita values (40, 40, 'Bombeiros Leiria', 40, '2018-09-08 19:10:21', '2018-09-08 20:10:21', '2017-09-08 19:10:21', 'Auditoria 40');
insert into audita values (41, 41, 'Protecao Civil Leiria', 41, '2018-08-14 20:55:16', '2018-08-14 21:55:16', '2017-08-14 20:55:16', 'Auditoria 41');
insert into audita values (42, 42, 'Policia Leiria', 42, '2018-09-17 07:59:12', '2018-09-17 08:59:12', '2017-09-17 07:59:12', 'Auditoria 42');
insert into audita values (43, 43, 'Camara Municipal Leiria', 43, '2018-08-07 11:17:57', '2018-08-07 12:17:57', '2017-08-07 11:17:57', 'Auditoria 43');
insert into audita values (44, 44, 'Bombeiros Braga', 44, '2018-07-11 15:18:16', '2018-07-11 16:18:16', '2017-07-11 15:18:16', 'Auditoria 44');
insert into audita values (45, 45, 'Protecao Civil Braga', 45, '2018-08-18 19:59:47', '2018-08-18 20:59:47', '2017-08-18 19:59:47', 'Auditoria 45');
insert into audita values (46, 46, 'Policia Braga', 46, '2018-07-01 20:57:55', '2018-07-01 21:57:55', '2017-07-01 20:57:55', 'Auditoria 46');
insert into audita values (47, 47, 'Policia Maritima Braga', 47, '2018-08-18 16:34:23', '2018-08-18 17:34:23', '2017-08-18 16:34:23', 'Auditoria 47');
insert into audita values (48, 48, 'Camara Municipal Braga', 48, '2018-06-23 12:33:53', '2018-06-23 13:33:53', '2017-06-23 12:33:53', 'Auditoria 48');
insert into audita values (49, 49, 'Bombeiros Angra do Heroismo', 49, '2018-06-14 08:02:00', '2018-06-14 09:02:00', '2017-06-14 08:02:00', 'Auditoria 49');
insert into audita values (50, 50, 'Protecao Civil Angra do Heroismo', 50, '2018-07-12 10:45:26', '2018-07-12 11:45:26', '2017-07-12 10:45:26', 'Auditoria 50');
insert into audita values (51, 51, 'Policia Angra do Heroismo', 51, '2018-07-13 14:26:32', '2018-07-13 15:26:32', '2017-07-13 14:26:32', 'Auditoria 51');
insert into audita values (52, 52, 'Policia Maritima Angra do Heroismo', 52, '2018-06-28 18:09:43', '2018-06-28 19:09:43', '2017-06-28 18:09:43', 'Auditoria 52');
insert into audita values (53, 53, 'Camara Municipal Angra do Heroismo', 53, '2018-07-12 20:01:11', '2018-07-12 21:01:11', '2017-07-12 20:01:11', 'Auditoria 53');
insert into audita values (54, 54, 'Bombeiros Guimaraes', 54, '2018-06-18 16:02:10', '2018-06-18 17:02:10', '2017-06-18 16:02:10', 'Auditoria 54');
insert into audita values (55, 55, 'Protecao Civil Guimaraes', 55, '2018-09-15 14:30:46', '2018-09-15 15:30:46', '2017-09-15 14:30:46', 'Auditoria 55');
insert into audita values (56, 56, 'Policia Guimaraes', 56, '2018-08-19 10:30:07', '2018-08-19 11:30:07', '2017-08-19 10:30:07', 'Auditoria 56');
insert into audita values (57, 57, 'Camara Municipal Guimaraes', 57, '2018-07-05 07:03:04', '2018-07-05 08:03:04', '2017-07-05 07:03:04', 'Auditoria 57');
insert into audita values (58, 58, 'Bombeiros Castelo Branco', 58, '2018-10-04 10:42:59', '2018-10-04 11:42:59', '2017-10-04 10:42:59', 'Auditoria 58');
insert into audita values (59, 59, 'Protecao Civil Castelo Branco', 59, '2018-06-27 13:47:12', '2018-06-27 14:47:12', '2017-06-27 13:47:12', 'Auditoria 59');
insert into audita values (60, 60, 'Policia Castelo Branco', 60, '2018-09-12 16:00:46', '2018-09-12 17:00:46', '2017-09-12 16:00:46', 'Auditoria 60');
insert into audita values (61, 61, 'Camara Municipal Castelo Branco', 61, '2018-09-08 19:10:21', '2018-09-08 20:10:21', '2017-09-08 19:10:21', 'Auditoria 61');
insert into audita values (62, 62, 'Bombeiros Oliveira do Hospital', 62, '2018-08-14 20:55:16', '2018-08-14 21:55:16', '2017-08-14 20:55:16', 'Auditoria 62');
insert into audita values (63, 63, 'Protecao Civil Oliveira do Hospital', 63, '2018-09-17 07:59:12', '2018-09-17 08:59:12', '2017-09-17 07:59:12', 'Auditoria 63');
insert into audita values (64, 64, 'Policia Oliveira do Hospital', 64, '2018-08-07 11:17:57', '2018-08-07 12:17:57', '2017-08-07 11:17:57', 'Auditoria 64');
insert into audita values (65, 65, 'Camara Municipal Oliveira do Hospital', 65, '2018-07-11 15:18:16', '2018-07-11 16:18:16', '2017-07-11 15:18:16', 'Auditoria 65');
insert into audita values (66, 66, 'Bombeiros Varzim', 66, '2018-08-18 19:59:47', '2018-08-18 20:59:47', '2017-08-18 20:59:47', 'Auditoria 66');
insert into audita values (67, 67, 'Protecao Civil Varzim', 67, '2018-07-01 20:57:55', '2018-07-01 21:57:55', '2017-07-01 20:57:55', 'Auditoria 67');
insert into audita values (68, 68, 'Policia Varzim', 68, '2018-08-18 16:34:23', '2018-08-18 17:34:23', '2017-08-18 16:34:23', 'Auditoria 68');
insert into audita values (69, 69, 'Camara Municipal Varzim', 69, '2018-06-23 12:33:53', '2018-06-23 13:33:53', '2017-06-23 12:33:53', 'Auditoria 69');
insert into audita values (70, 70, 'Bombeiros Montijo', 70, '2018-06-14 08:02:00', '2018-06-14 09:02:00', '2017-06-14 08:02:00', 'Auditoria 70');
insert into audita values (71, 71, 'Protecao Civil Montijo', 71, '2018-07-12 10:45:26', '2018-07-12 11:45:26', '2017-07-12 10:45:26', 'Auditoria 71');
insert into audita values (72, 72, 'Policia Montijo', 72, '2018-07-13 14:26:32', '2018-07-13 15:26:32', '2017-07-13 14:26:32', 'Auditoria 72');
insert into audita values (73, 73, 'Camara Municipal Montijo', 73, '2018-06-28 18:09:43', '2018-06-28 19:09:43', '2017-06-28 18:09:43', 'Auditoria 73');
insert into audita values (74, 74, 'Bombeiros Tondela', 74, '2018-07-12 20:01:11', '2018-07-12 21:01:11', '2017-07-12 20:01:11', 'Auditoria 74');
insert into audita values (75, 75, 'Protecao Civil Tondela', 75, '2018-06-18 16:02:10', '2018-06-18 17:02:10', '2017-06-18 16:02:10', 'Auditoria 75');
insert into audita values (76, 76, 'Policia Tondela', 76, '2018-09-15 14:30:46', '2018-09-15 15:30:46', '2017-09-15 14:30:46', 'Auditoria 76');
insert into audita values (77, 77, 'Camara Municipal Tondela', 77, '2018-08-19 10:30:07', '2018-08-19 11:30:07', '2017-08-19 10:30:07', 'Auditoria 77');
insert into audita values (78, 78, 'Bombeiros Portalegre', 78, '2018-07-05 07:03:04', '2018-07-05 08:03:04', '2017-07-05 07:03:04', 'Auditoria 78');
insert into audita values (79, 79, 'Protecao Civil Portalegre', 79, '2018-10-04 10:42:59', '2018-10-04 11:42:59', '2017-10-04 10:42:59', 'Auditoria 79');
insert into audita values (80, 80, 'Policia Portalegre', 80, '2018-06-27 13:47:12', '2018-06-27 14:47:12', '2017-06-27 13:47:12', 'Auditoria 80');
insert into audita values (81, 81, 'Camara Municipal Portalegre', 81, '2018-09-12 16:00:46', '2018-09-12 17:00:46', '2017-09-12 16:00:46', 'Auditoria 81');
insert into audita values (82, 82, 'Bombeiros Lisboa', 82, '2018-09-08 19:10:21', '2018-09-08 20:10:21', '2017-09-08 19:10:21', 'Auditoria 82');
insert into audita values (83, 83, 'Protecao Civil Lisboa', 83, '2018-08-14 20:55:16', '2018-08-14 21:55:16', '2017-08-14 20:55:16', 'Auditoria 83');
insert into audita values (84, 84, 'Bombeiros Monchique', 84, '2018-08-18 16:34:23', '2018-08-18 17:34:23', '2017-08-18 16:34:23', 'Auditoria 84');
insert into audita values (85, 85, 'Protecao Civil Monchique', 85, '2018-06-23 12:33:53', '2018-06-23 13:33:53', '2017-06-23 12:33:53', 'Auditoria 85');
insert into audita values (86, 86, 'Bombeiros Ponta Delgada', 86, '2018-06-14 08:02:00', '2018-06-14 09:02:00', '2017-06-14 08:02:00', 'Auditoria 86');
insert into audita values (87, 87, 'Bombeiros Porto', 87, '2018-07-12 10:45:26', '2018-07-12 11:45:26', '2017-07-12 10:45:26', 'Auditoria 87');
insert into audita values (88, 88, 'Bombeiros Aveiro', 88, '2018-07-13 14:26:32', '2018-07-13 15:26:32', '2017-07-13 14:26:32', 'Auditoria 88');
insert into audita values (89, 89, 'Bombeiros Faro', 89, '2018-06-28 18:09:43', '2018-06-28 19:09:43', '2017-06-28 18:09:43', 'Auditoria 89');
insert into audita values (90, 90, 'Protecao Civil Faro', 90, '2018-07-12 20:01:11', '2018-07-12 21:01:11', '2017-07-12 20:01:11', 'Auditoria 90');
insert into audita values (91, 91, 'Bombeiros Beja', 91, '2018-06-18 16:02:10', '2018-06-18 17:02:10', '2017-06-18 16:02:10', 'Auditoria 91');
insert into audita values (92, 92, 'Bombeiros Abrantes', 92, '2018-09-15 14:30:46', '2018-09-15 15:30:46', '2017-09-15 14:30:46', 'Auditoria 92');
insert into audita values (93, 93, 'Bombeiros Coimbra', 93, '2018-08-19 10:30:07', '2018-08-19 11:30:07', '2017-08-19 10:30:07', 'Auditoria 93');
insert into audita values (94, 94, 'Protecao Civil Coimbra', 94, '2018-07-05 07:03:04', '2018-07-05 08:03:04', '2017-07-05 07:03:04', 'Auditoria 94');
insert into audita values (95, 95, 'Bombeiros Oliveira do Hospital', 95, '2018-10-04 10:42:59', '2018-10-04 11:42:59', '2017-10-04 10:42:59', 'Auditoria 95');
insert into audita values (96, 96, 'Bombeiros Monchique', 96, '2018-06-27 13:47:12', '2018-06-27 14:47:12', '2017-06-27 13:47:12', 'Auditoria 96');
insert into audita values (97, 97, 'Camara Municipal Monchique', 97, '2018-09-12 16:00:46', '2018-09-12 17:00:46', '2017-09-12 16:00:46', 'Auditoria 97');
insert into audita values (98, 98, 'Protecao Civil Lisboa', 98, '2018-09-08 19:10:21', '2018-09-08 20:10:21', '2017-09-08 19:10:21', 'Auditoria 98');
insert into audita values (99, 99, 'Bombeiros Monchique', 99, '2018-08-14 20:55:16', '2018-08-14 21:55:16', '2017-08-14 20:55:16', 'Auditoria 99');

insert into solicita values (0, '2018-09-07 07:59:12', 0, '2018-09-17 07:59:12', '2018-09-22 07:59:12');
insert into solicita values (1, '2018-07-27 11:17:57', 1, '2018-08-07 11:17:57', '2018-08-12 11:17:57');
insert into solicita values (2, '2018-07-01 15:18:16', 2, '2018-07-11 15:18:16', '2018-07-16 15:18:16');
insert into solicita values (3, '2018-08-08 19:59:47', 3, '2018-08-18 19:59:47', '2018-08-23 19:59:47');
insert into solicita values (4, '2018-06-21 20:57:55', 4, '2018-07-01 20:57:55', '2018-07-06 20:57:55');
insert into solicita values (5, '2018-08-08 16:34:23', 5, '2018-08-18 16:34:23', '2018-08-23 16:34:23');
insert into solicita values (6, '2018-06-13 12:33:53', 6, '2018-06-23 12:33:53', '2018-06-28 12:33:53');
insert into solicita values (7, '2018-06-04 08:02:00', 7, '2018-06-14 08:02:00', '2018-06-19 08:02:00');
insert into solicita values (8, '2018-07-02 10:45:26', 8, '2018-07-12 10:45:26', '2018-07-17 10:45:26');
insert into solicita values (9, '2018-07-03 14:26:32', 9, '2018-07-13 14:26:32', '2018-07-18 14:26:32');
insert into solicita values (10, '2018-06-18 18:09:43', 10, '2018-06-28 18:09:43', '2018-07-03 18:09:43');
insert into solicita values (11, '2018-07-02 20:01:11', 11, '2018-07-12 20:01:11', '2018-07-17 20:01:11');
insert into solicita values (12, '2018-06-08 16:02:10', 12, '2018-06-18 16:02:10', '2018-06-23 16:02:10');
insert into solicita values (13, '2018-09-05 14:30:46', 13, '2018-09-15 14:30:46', '2018-09-20 14:30:46');
insert into solicita values (14, '2018-08-09 10:30:07', 14, '2018-08-19 10:30:07', '2018-08-24 10:30:07');
insert into solicita values (15, '2018-06-25 07:03:04', 15, '2018-07-05 07:03:04', '2018-07-10 07:03:04');
insert into solicita values (16, '2018-09-24 10:42:59', 16, '2018-10-04 10:42:59', '2018-10-09 10:42:59');
insert into solicita values (17, '2018-06-17 13:47:12', 17, '2018-06-27 13:47:12', '2018-06-30 13:47:12');
insert into solicita values (18, '2018-09-02 16:00:46', 18, '2018-09-12 16:00:46', '2018-09-17 16:00:46');
insert into solicita values (19, '2018-08-28 19:10:21', 19, '2018-09-08 19:10:21', '2018-09-13 19:10:21');
insert into solicita values (20, '2018-08-04 20:55:16', 20, '2018-08-14 20:55:16', '2018-08-19 20:55:16');
insert into solicita values (21, '2018-06-07 17:11:56', 21, '2018-06-17 17:11:56', '2018-06-22 17:11:56');
insert into solicita values (22, '2018-08-14 14:00:26', 22, '2018-08-24 14:00:26', '2018-08-29 14:00:26');
insert into solicita values (23, '2018-07-08 11:23:42', 23, '2018-07-18 11:23:42', '2018-07-23 11:23:42');
insert into solicita values (24, '2018-08-04 08:07:49', 24, '2018-08-14 08:07:49', '2018-08-19 08:07:49');
insert into solicita values (25, '2018-05-23 09:27:18', 25, '2018-06-03 09:27:18', '2018-06-08 09:27:18');
insert into solicita values (26, '2018-06-03 12:54:16', 26, '2018-06-13 12:54:16', '2018-06-18 12:54:16');
insert into solicita values (27, '2018-04-14 15:32:54', 27, '2018-04-24 15:32:54', '2018-04-29 15:32:54');
insert into solicita values (28, '2018-08-01 18:52:30', 28, '2018-08-11 18:52:30', '2018-08-16 18:52:30');
insert into solicita values (29, '2018-03-17 21:46:51', 29, '2018-03-27 21:46:51', '2018-03-30 21:46:51');
insert into solicita values (30, '2018-02-05 18:35:33', 30, '2018-02-15 18:35:33', '2018-02-20 18:35:33');
insert into solicita values (31, '2018-08-03 16:09:31', 31, '2018-08-13 16:09:31', '2018-08-18 16:09:31');
insert into solicita values (32, '2018-09-04 13:50:19', 32, '2018-09-14 13:50:19', '2018-09-19 13:50:19');
insert into solicita values (33, '2018-10-07 10:35:37', 33, '2018-10-17 10:35:37', '2018-10-22 10:35:37');
insert into solicita values (34, '2018-01-23 09:41:42', 34, '2018-02-03 09:41:42', '2018-02-08 09:41:42');
insert into solicita values (35, '2018-06-01 16:59:12', 35, '2018-06-11 16:59:12', '2018-06-16 16:59:12');
insert into solicita values (36, '2018-06-30 21:12:35', 36, '2018-07-11 21:12:35', '2018-07-16 21:12:35');
insert into solicita values (37, '2018-11-09 15:39:47', 37, '2018-11-19 15:39:47', '2018-11-24 15:39:47');
insert into solicita values (38, '2018-09-09 09:11:50', 38, '2018-09-19 09:11:50', '2018-09-24 09:11:50');
insert into solicita values (39, '2018-07-30 11:48:23', 39, '2018-08-12 11:48:23', '2018-08-17 11:48:23');
insert into solicita values (40, '2018-12-05 17:46:29', 40, '2018-12-15 17:46:29', '2018-12-20 17:46:29');
insert into solicita values (41, '2018-01-02 19:02:31', 41, '2018-01-12 19:02:31', '2018-01-17 19:02:31');
insert into solicita values (42, '2018-08-05 13:54:31', 42, '2018-08-15 13:54:31', '2018-08-20 13:54:31');
insert into solicita values (43, '2018-02-28 06:00:27', 43, '2018-03-08 06:00:27', '2018-03-12 06:00:27');
insert into solicita values (44, '2018-03-07 08:21:02', 44, '2018-03-17 08:21:02', '2018-03-22 08:21:02');
insert into solicita values (45, '2018-09-04 10:27:58', 45, '2018-09-14 10:27:58', '2018-09-19 10:27:58');
insert into solicita values (46, '2018-06-26 12:07:35', 46, '2018-07-06 12:07:35', '2018-07-11 12:07:35');
insert into solicita values (47, '2018-04-25 14:12:09', 47, '2018-05-05 14:12:09', '2018-05-10 14:12:09');
insert into solicita values (48, '2018-05-01 16:51:44', 48, '2018-05-11 16:51:44', '2018-05-16 16:51:44');
insert into solicita values (49, '2018-10-10 18:58:32', 49, '2018-10-20 18:58:32', '2018-10-25 18:58:32');
insert into solicita values (50, '2018-11-12 20:32:26', 50, '2018-11-22 20:32:26', '2018-11-27 20:32:26');
insert into solicita values (51, '2018-09-06 20:23:36', 51, '2018-09-16 20:23:36', '2018-09-21 20:23:36');
insert into solicita values (52, '2018-06-05 16:46:00', 52, '2018-06-15 16:46:00', '2018-06-20 16:46:00');
insert into solicita values (53, '2018-04-25 13:54:10', 53, '2018-05-05 13:54:10', '2018-05-10 13:54:10');
insert into solicita values (54, '2018-07-02 11:32:08', 54, '2018-07-12 11:32:08', '2018-07-17 11:32:08');
insert into solicita values (55, '2018-06-21 10:30:10', 55, '2018-07-01 10:30:10', '2018-07-06 10:30:10');
insert into solicita values (56, '2018-06-20 09:24:03', 56, '2018-06-30 09:24:03', '2018-07-05 09:24:03');
insert into solicita values (57, '2018-07-04 07:00:33', 57, '2018-07-14 07:00:33', '2018-07-18 07:00:33');
insert into solicita values (58, '2018-08-06 10:28:35', 58, '2018-08-16 10:28:35', '2018-08-19 10:28:35');
insert into solicita values (59, '2018-09-17 14:09:23', 59, '2018-09-27 14:09:23', '2018-10-02 14:09:23');
insert into solicita values (60, '2018-07-30 19:47:50', 60, '2018-08-13 19:47:50', '2018-08-18 19:47:50');
insert into solicita values (61, '2018-08-01 17:09:04', 61, '2018-08-11 17:09:04', '2018-08-16 17:09:04');
insert into solicita values (62, '2018-08-20 10:00:24', 62, '2018-08-30 10:00:24', '2018-09-05 10:00:24');
insert into solicita values (63, '2018-09-10 12:07:14', 63, '2018-09-20 12:07:14', '2018-09-25 12:07:14');
insert into solicita values (64, '2018-07-17 19:00:16', 64, '2018-07-27 19:00:16', '2018-07-30 19:00:16');
insert into solicita values (65, '2018-06-30 17:52:42', 65, '2018-07-14 17:52:42', '2018-07-19 17:52:42');
insert into solicita values (66, '2018-09-09 12:57:16', 66, '2018-09-19 12:57:16', '2018-09-24 12:57:16');
insert into solicita values (67, '2018-06-05 08:44:39', 67, '2018-06-15 08:44:39', '2018-06-20 08:44:39');
insert into solicita values (68, '2018-05-28 09:48:13', 68, '2018-06-08 09:48:13', '2018-06-13 09:48:13');
insert into solicita values (69, '2018-09-13 11:43:25', 69, '2018-09-23 11:43:25', '2018-09-28 11:43:25');
insert into solicita values (70, '2018-03-21 12:31:11', 70, '2018-03-31 12:31:11', '2018-04-05 12:31:11');
insert into solicita values (71, '2018-09-19 14:13:03', 71, '2018-09-29 14:13:03', '2018-10-04 14:13:03');
insert into solicita values (72, '2018-09-29 17:53:53', 72, '2018-10-09 17:53:53', '2018-10-14 17:53:53');
insert into solicita values (73, '2018-07-23 21:41:59', 73, '2018-08-03 21:41:59', '2018-08-08 21:41:59');
insert into solicita values (74, '2018-07-06 16:48:33', 74, '2018-07-16 16:48:33', '2018-07-21 16:48:33');
insert into solicita values (75, '2018-06-05 10:26:07', 75, '2018-06-15 10:26:07', '2018-06-20 10:26:07');
insert into solicita values (76, '2018-11-22 11:12:21', 76, '2018-12-02 11:12:21', '2018-12-07 11:12:21');
insert into solicita values (77, '2018-02-19 19:00:21', 77, '2018-02-27 19:00:21', '2018-03-04 19:00:21');
insert into solicita values (78, '2018-12-09 16:55:12', 78, '2018-12-19 16:55:12', '2018-12-24 16:55:12');
insert into solicita values (79, '2018-05-21 10:14:14', 79, '2018-06-01 10:14:14', '2018-06-06 10:14:14');
insert into solicita values (80, '2018-08-10 14:18:46', 80, '2018-08-20 14:18:46', '2018-08-25 14:18:46');
insert into solicita values (81, '2018-01-20 20:10:38', 81, '2018-01-30 20:10:38', '2018-02-05 20:10:38');
insert into solicita values (82, '2018-02-14 17:13:23', 82, '2018-02-24 17:13:23', '2018-02-27 17:13:23');
insert into solicita values (83, '2018-03-16 12:18:31', 83, '2018-03-26 12:18:31', '2018-03-29 12:18:31');
insert into solicita values (84, '2018-04-07 13:04:28', 84, '2018-04-17 13:04:28', '2018-04-22 13:04:28');
insert into solicita values (85, '2018-05-19 21:25:36', 85, '2018-05-29 21:25:36', '2018-06-03 21:25:36');
insert into solicita values (86, '2018-06-22 08:41:07', 86, '2018-07-02 08:41:07', '2018-07-07 08:41:07');
insert into solicita values (87, '2018-07-09 18:03:42', 87, '2018-07-19 18:03:42', '2018-07-24 18:03:42');
insert into solicita values (88, '2018-08-14 19:04:29', 88, '2018-08-24 19:04:29', '2018-08-29 19:04:29');
insert into solicita values (89, '2018-09-04 07:08:31', 89, '2018-09-14 07:08:31', '2018-09-19 07:08:31');
insert into solicita values (90, '2018-10-20 10:24:46', 90, '2018-10-30 10:24:46', '2018-11-05 10:24:46');
insert into solicita values (91, '2018-11-01 09:19:19', 91, '2018-11-11 09:19:19', '2018-11-16 09:19:19');
insert into solicita values (92, '2018-12-30 16:18:44', 92, '2018-12-31 16:18:44', '2018-12-31 20:18:44');
insert into solicita values (93, '2018-11-02 15:12:16', 93, '2018-11-12 15:12:16', '2018-11-17 15:12:16');
insert into solicita values (94, '2018-10-29 12:56:28', 94, '2018-11-09 12:56:28', '2018-11-14 12:56:28');
insert into solicita values (95, '2018-09-07 17:57:38', 95, '2018-09-17 17:57:38', '2018-09-22 17:57:38');
insert into solicita values (96, '2018-08-26 20:42:19', 96, '2018-09-06 20:42:19', '2018-09-11 20:42:19');
insert into solicita values (97, '2018-09-21 21:30:07', 97, '2018-10-01 21:30:07', '2018-10-06 21:30:07');
insert into solicita values (98, '2018-07-17 08:55:31', 98, '2018-07-27 08:55:31', '2018-07-30 08:55:31');
insert into solicita values (99, '2018-08-10 11:24:13', 99, '2018-08-20 11:24:13', '2018-08-25 11:24:13');
