insert into camara values (1);
insert into camara values (2);
insert into camara values (3);
insert into camara values (4);
insert into camara values (5);
insert into camara values (6);
insert into camara values (7);
insert into camara values (8);
insert into camara values (9);
insert into camara values (10);
insert into camara values (11);
insert into camara values (12);
insert into camara values (13);
insert into camara values (14);
insert into camara values (15);
insert into camara values (16);
insert into camara values (17);
insert into camara values (18);
insert into camara values (19);
insert into camara values (20);
insert into camara values (21);
insert into camara values (22);
insert into camara values (23);
insert into camara values (24);
insert into camara values (25);
insert into camara values (26);
insert into camara values (27);
insert into camara values (28);
insert into camara values (29);
insert into camara values (30);
insert into camara values (31);
insert into camara values (32);
insert into camara values (33);
insert into camara values (34);
insert into camara values (35);
insert into camara values (36);
insert into camara values (37);
insert into camara values (38);
insert into camara values (39);
insert into camara values (40);
insert into camara values (41);
insert into camara values (42);
insert into camara values (43);
insert into camara values (44);
insert into camara values (45);
insert into camara values (46);
insert into camara values (47);
insert into camara values (48);
insert into camara values (49);
insert into camara values (50);
insert into camara values (51);
insert into camara values (52);
insert into camara values (53);
insert into camara values (54);
insert into camara values (55);
insert into camara values (56);
insert into camara values (57);
insert into camara values (58);
insert into camara values (59);
insert into camara values (60);
insert into camara values (61);
insert into camara values (62);
insert into camara values (63);
insert into camara values (64);
insert into camara values (65);
insert into camara values (66);
insert into camara values (67);
insert into camara values (68);
insert into camara values (69);
insert into camara values (70);
insert into camara values (71);
insert into camara values (72);
insert into camara values (73);
insert into camara values (74);
insert into camara values (75);
insert into camara values (76);
insert into camara values (77);
insert into camara values (78);
insert into camara values (79);
insert into camara values (80);
insert into camara values (81);
insert into camara values (82);
insert into camara values (83);
insert into camara values (84);
insert into camara values (85);
insert into camara values (86);
insert into camara values (87);
insert into camara values (88);
insert into camara values (89);
insert into camara values (90);
insert into camara values (91);
insert into camara values (92);
insert into camara values (93);
insert into camara values (94);
insert into camara values (95);
insert into camara values (96);
insert into camara values (97);
insert into camara values (98);
insert into camara values (99);
insert into camara values (100);

insert into local values ('Lisboa');
insert into local values ('Sintra');
insert into local values ('Vila Nova de Gaia');
insert into local values ('Porto');
insert into local values ('Cascais');
insert into local values ('Loures');
insert into local values ('Braga');
insert into local values ('Matosinhos');
insert into local values ('Amadora');
insert into local values ('Almada');
insert into local values ('Oeiras');
insert into local values ('Gondomar');
insert into local values ('Seixal');
insert into local values ('Guimarães');
insert into local values ('Odivelas');
insert into local values ('Coimbra');
insert into local values ('Santa Maria da Feira');
insert into local values ('Vila Franca de Xira');
insert into local values ('Maia');
insert into local values ('Vila Nova de Famalicão');
insert into local values ('Leiria');
insert into local values ('Setúbal');
insert into local values ('Barcelos');
insert into local values ('Funchal');
insert into local values ('Viseu');
insert into local values ('Valongo');
insert into local values ('Viana do Castelo');
insert into local values ('Paredes');
insert into local values ('Vila do Conde');
insert into local values ('Torres Vedras');
insert into local values ('Barreiro');
insert into local values ('Aveiro');
insert into local values ('Mafra');
insert into local values ('Penafiel');
insert into local values ('Santo Tirso');
insert into local values ('Loulé');
insert into local values ('Ponta Delgada');
insert into local values ('Oliveira de Azeméis');
insert into local values ('Moita');
insert into local values ('Faro');
insert into local values ('Póvoa de Varzim');
insert into local values ('Palmela');
insert into local values ('Santarém');
insert into local values ('Figueira da Foz');
insert into local values ('Felgueiras');
insert into local values ('Alcobaça');
insert into local values ('Évora');
insert into local values ('Paços de Ferreira');
insert into local values ('Amarante');
insert into local values ('Castelo Branco');
insert into local values ('Portimão');
insert into local values ('Ovar');
insert into local values ('Pombal');
insert into local values ('Marco de Canaveses');
insert into local values ('Covilhã');
insert into local values ('Caldas da Rainha');
insert into local values ('Montijo');
insert into local values ('Fafe');
insert into local values ('Sesimbra');
insert into local values ('Vila Verde');
insert into local values ('Águeda');
insert into local values ('Lousada');
insert into local values ('Ourém');
insert into local values ('Olhão');
insert into local values ('Ponte de Lima');
insert into local values ('Alenquer');
insert into local values ('Santa Cruz');
insert into local values ('Guarda');
insert into local values ('Chaves');
insert into local values ('Albufeira');
insert into local values ('Tomar');
insert into local values ('Abrantes');
insert into local values ('Trofa');
insert into local values ('Marinha Grande');
insert into local values ('Ílhavo');
insert into local values ('Silves');
insert into local values ('Torres Novas');
insert into local values ('Cantanhede');
insert into local values ('Beja');
insert into local values ('Câmara de Lobos');
insert into local values ('Angra do Heroísmo');
insert into local values ('Bragança');
insert into local values ('Esposende');
insert into local values ('Ribeira Grande');
insert into local values ('Espinho');
insert into local values ('Lagos');
insert into local values ('Santiago do Cacém');
insert into local values ('Fundão');
insert into local values ('Anadia');
insert into local values ('Benavente');
insert into local values ('Tondela');
insert into local values ('Peniche');
insert into local values ('Estarreja');
insert into local values ('Lamego');
insert into local values ('Tavira');
insert into local values ('Odemira');
insert into local values ('Lourinhã');
insert into local values ('Portalegre');
insert into local values ('Seia');
insert into local values ('Cartaxo');

insert into vigia values ('Lisboa', 1);
insert into vigia values ('Sintra', 2);
insert into vigia values ('Vila Nova de Gaia', 3);
insert into vigia values ('Porto', 4);
insert into vigia values ('Cascais', 5);
insert into vigia values ('Loures', 6);
insert into vigia values ('Braga', 7);
insert into vigia values ('Matosinhos', 8);
insert into vigia values ('Amadora', 9);
insert into vigia values ('Almada', 10);
insert into vigia values ('Oeiras', 11);
insert into vigia values ('Gondomar', 12);
insert into vigia values ('Seixal', 13);
insert into vigia values ('Guimarães', 14);
insert into vigia values ('Odivelas', 15);
insert into vigia values ('Coimbra', 16);
insert into vigia values ('Santa Maria da Feira', 17);
insert into vigia values ('Vila Franca de Xira', 18);
insert into vigia values ('Maia', 19);
insert into vigia values ('Vila Nova de Famalicão', 20);
insert into vigia values ('Leiria', 21);
insert into vigia values ('Setúbal', 22);
insert into vigia values ('Barcelos', 23);
insert into vigia values ('Funchal', 24);
insert into vigia values ('Viseu', 25);
insert into vigia values ('Valongo', 26);
insert into vigia values ('Viana do Castelo', 27);
insert into vigia values ('Paredes', 28);
insert into vigia values ('Vila do Conde', 29);
insert into vigia values ('Torres Vedras', 30);
insert into vigia values ('Barreiro', 31);
insert into vigia values ('Aveiro', 32);
insert into vigia values ('Mafra', 33);
insert into vigia values ('Penafiel', 34);
insert into vigia values ('Santo Tirso', 35);
insert into vigia values ('Loulé', 36);
insert into vigia values ('Ponta Delgada', 37);
insert into vigia values ('Oliveira de Azeméis', 38);
insert into vigia values ('Moita', 39);
insert into vigia values ('Faro', 40);
insert into vigia values ('Póvoa de Varzim', 41);
insert into vigia values ('Palmela', 42);
insert into vigia values ('Santarém', 43);
insert into vigia values ('Figueira da Foz', 44);
insert into vigia values ('Felgueiras', 45);
insert into vigia values ('Alcobaça', 46);
insert into vigia values ('Évora', 47);
insert into vigia values ('Paços de Ferreira', 48);
insert into vigia values ('Amarante', 49);
insert into vigia values ('Castelo Branco', 50);
insert into vigia values ('Portimão', 51);
insert into vigia values ('Ovar', 52);
insert into vigia values ('Pombal', 53);
insert into vigia values ('Marco de Canaveses', 54);
insert into vigia values ('Covilhã', 55);
insert into vigia values ('Caldas da Rainha', 56);
insert into vigia values ('Montijo', 57);
insert into vigia values ('Fafe', 58);
insert into vigia values ('Sesimbra', 59);
insert into vigia values ('Vila Verde' 60);
insert into vigia values ('Águeda', 61);
insert into vigia values ('Lousada' 62);
insert into vigia values ('Ourém', 63);
insert into vigia values ('Olhão', 64);
insert into vigia values ('Ponte de Lima', 65);
insert into vigia values ('Alenquer', 66);
insert into vigia values ('Santa Cruz', 67);
insert into vigia values ('Guarda', 68);
insert into vigia values ('Chaves', 69);
insert into vigia values ('Albufeira', 70);
insert into vigia values ('Tomar', 71);
insert into vigia values ('Abrantes', 72);
insert into vigia values ('Trofa', 73);
insert into vigia values ('Marinha Grande', 74);
insert into vigia values ('Ílhavo', 75);
insert into vigia values ('Silves', 76);
insert into vigia values ('Torres Novas', 77);
insert into vigia values ('Cantanhede', 78);
insert into vigia values ('Beja', 79);
insert into vigia values ('Câmara de Lobos', 80);
insert into vigia values ('Angra do Heroísmo', 81);
insert into vigia values ('Bragança', 82);
insert into vigia values ('Esposende', 83);
insert into vigia values ('Ribeira Grande', 84);
insert into vigia values ('Espinho', 85);
insert into vigia values ('Lagos', 86);
insert into vigia values ('Santiago do Cacém', 87);
insert into vigia values ('Fundão', 88);
insert into vigia values ('Anadia', 89);
insert into vigia values ('Benavente', 90);
insert into vigia values ('Tondela', 91);
insert into vigia values ('Peniche', 92);
insert into vigia values ('Estarreja', 93);
insert into vigia values ('Lamego', 94);
insert into vigia values ('Tavira', 95);
insert into vigia values ('Odemira', 96);
insert into vigia values ('Lourinhã', 97);
insert into vigia values ('Portalegre', 98);
insert into vigia values ('Seia', 99);
insert into vigia values ('Cartaxo', 100);

insert into video values ('2018-07-18 13:50:00', '2018-07-18 16:20:00', 1);
insert into video values ('2018-01- ::', '2018-- ::', )
insert into video values ('2018-01- ::', '2018-- ::', )
insert into video values ('2018-01- ::', '2018-- ::', )
insert into video values ('2018-01- ::', '2018-- ::', )
insert into video values ('2018-01- ::', '2018-- ::', )
insert into video values ('2018-01- ::', '2018-- ::', )
insert into video values ('2018-01- ::', '2018-- ::', )
insert into video values ('2018-02- ::', '2018-- ::', )
insert into video values ('2018-02- ::', '2018-- ::', )
insert into video values ('2018-02- ::', '2018-- ::', )
insert into video values ('2018-02- ::', '2018-- ::', )
insert into video values ('2018-02- ::', '2018-- ::', )
insert into video values ('2018-02- ::', '2018-- ::', )
insert into video values ('2018-02- ::', '2018-- ::', )
insert into video values ('2018-03- ::', '2018-- ::', )
insert into video values ('2018-03- ::', '2018-- ::', )
insert into video values ('2018-03- ::', '2018-- ::', )
insert into video values ('2018-03- ::', '2018-- ::', )
insert into video values ('2018-03- ::', '2018-- ::', )
insert into video values ('2018-03- ::', '2018-- ::', )
insert into video values ('2018-03- ::', '2018-- ::', )
insert into video values ('2018-04- ::', '2018-- ::', )
insert into video values ('2018-04- ::', '2018-- ::', )
insert into video values ('2018-04- ::', '2018-- ::', )
insert into video values ('2018-04- ::', '2018-- ::', )
insert into video values ('2018-04- ::', '2018-- ::', )
insert into video values ('2018-04- ::', '2018-- ::', )
insert into video values ('2018-04- ::', '2018-- ::', )
insert into video values ('2018-05- ::', '2018-- ::', )
insert into video values ('2018-05- ::', '2018-- ::', )
insert into video values ('2018-05- ::', '2018-- ::', )
insert into video values ('2018-05- ::', '2018-- ::', )
insert into video values ('2018-05- ::', '2018-- ::', )
insert into video values ('2018-05- ::', '2018-- ::', )
insert into video values ('2018-05- ::', '2018-- ::', )
insert into video values ('2018-05- ::', '2018-- ::', )
insert into video values ('2018-06- ::', '2018-- ::', )
insert into video values ('2018-06- ::', '2018-- ::', )
insert into video values ('2018-06- ::', '2018-- ::', )
insert into video values ('2018-06- ::', '2018-- ::', )
insert into video values ('2018-06- ::', '2018-- ::', )
insert into video values ('2018-06- ::', '2018-- ::', )
insert into video values ('2018-06- ::', '2018-- ::', )
insert into video values ('2018-06- ::', '2018-- ::', )
insert into video values ('2018-06- ::', '2018-- ::', )
insert into video values ('2018-06- ::', '2018-- ::', )
insert into video values ('2018-07- ::', '2018-- ::', )
insert into video values ('2018-07- ::', '2018-- ::', )
insert into video values ('2018-07- ::', '2018-- ::', )
insert into video values ('2018-07- ::', '2018-- ::', )
insert into video values ('2018-07- ::', '2018-- ::', )
insert into video values ('2018-07- ::', '2018-- ::', )
insert into video values ('2018-07- ::', '2018-- ::', )
insert into video values ('2018-07- ::', '2018-- ::', )
insert into video values ('2018-07- ::', '2018-- ::', )
insert into video values ('2018-07- ::', '2018-- ::', )
insert into video values ('2018-08- ::', '2018-- ::', )
insert into video values ('2018-08- ::', '2018-- ::', )
insert into video values ('2018-08- ::', '2018-- ::', )
insert into video values ('2018-08- ::', '2018-- ::', )
insert into video values ('2018-08- ::', '2018-- ::', )
insert into video values ('2018-08- ::', '2018-- ::', )
insert into video values ('2018-08- ::', '2018-- ::', )
insert into video values ('2018-08- ::', '2018-- ::', )
insert into video values ('2018-08- ::', '2018-- ::', )
insert into video values ('2018-08- ::', '2018-- ::', )
insert into video values ('2018-09- ::', '2018-- ::', )
insert into video values ('2018-09- ::', '2018-- ::', )
insert into video values ('2018-09- ::', '2018-- ::', )
insert into video values ('2018-09- ::', '2018-- ::', )
insert into video values ('2018-09- ::', '2018-- ::', )
insert into video values ('2018-09- ::', '2018-- ::', )
insert into video values ('2018-09- ::', '2018-- ::', )
insert into video values ('2018-09- ::', '2018-- ::', )
insert into video values ('2018-09- ::', '2018-- ::', )
insert into video values ('2018-09- ::', '2018-- ::', )
insert into video values ('2018-10- ::', '2018-- ::', )
insert into video values ('2018-10- ::', '2018-- ::', )
insert into video values ('2018-10- ::', '2018-- ::', )
insert into video values ('2018-10- ::', '2018-- ::', )
insert into video values ('2018-10- ::', '2018-- ::', )
insert into video values ('2018-10- ::', '2018-- ::', )
insert into video values ('2018-10- ::', '2018-- ::', )
insert into video values ('2018-10- ::', '2018-- ::', )
insert into video values ('2018-11- ::', '2018-- ::', )
insert into video values ('2018-11- ::', '2018-- ::', )
insert into video values ('2018-11- ::', '2018-- ::', )
insert into video values ('2018-11- ::', '2018-- ::', )
insert into video values ('2018-11- ::', '2018-- ::', )
insert into video values ('2018-11- ::', '2018-- ::', )
insert into video values ('2018-11- ::', '2018-- ::', )
insert into video values ('2018-11- ::', '2018-- ::', )
insert into video values ('2018-12- ::', '2018-- ::', )
insert into video values ('2018-12- ::', '2018-- ::', )
insert into video values ('2018-12- ::', '2018-- ::', )
insert into video values ('2018-12- ::', '2018-- ::', )
insert into video values ('2018-12- ::', '2018-- ::', )
insert into video values ('2018-12- ::', '2018-- ::', )
insert into video values ('2018-12- ::', '2018-- ::', )


insert into segmentovideo values (1, '00:00:45', '2018-07-18 13:50:00', 1);
insert into segmentovideo values (2, , '2018-- ::', );
insert into segmentovideo values (3, , '2018-- ::', );
insert into segmentovideo values (4, , '2018-- ::', );
insert into segmentovideo values (5, , '2018-- ::', );
insert into segmentovideo values (6, , '2018-- ::', );
insert into segmentovideo values (7, , '2018-- ::', );
insert into segmentovideo values (8, , '2018-- ::', );
insert into segmentovideo values (9, , '2018-- ::', );
insert into segmentovideo values (10, , '2018-- ::', );
insert into segmentovideo values (11, , '2018-- ::', );
insert into segmentovideo values (12, , '2018-- ::', );
insert into segmentovideo values (13, , '2018-- ::', );
insert into segmentovideo values (14, , '2018-- ::', );
insert into segmentovideo values (15, , '2018-- ::', );
insert into segmentovideo values (16, , '2018-- ::', );
insert into segmentovideo values (17, , '2018-- ::', );
insert into segmentovideo values (18, , '2018-- ::', );
insert into segmentovideo values (19, , '2018-- ::', );
insert into segmentovideo values (20, , '2018-- ::', );
insert into segmentovideo values (21, , '2018-- ::', );
insert into segmentovideo values (22, , '2018-- ::', );
insert into segmentovideo values (23, , '2018-- ::', );
insert into segmentovideo values (24, , '2018-- ::', );
insert into segmentovideo values (25, , '2018-- ::', );
insert into segmentovideo values (26, , '2018-- ::', );
insert into segmentovideo values (27, , '2018-- ::', );
insert into segmentovideo values (28, , '2018-- ::', );
insert into segmentovideo values (29, , '2018-- ::', );
insert into segmentovideo values (30, , '2018-- ::', );
insert into segmentovideo values (31, , '2018-- ::', );
insert into segmentovideo values (32, , '2018-- ::', );
insert into segmentovideo values (33, , '2018-- ::', );
insert into segmentovideo values (34, , '2018-- ::', );
insert into segmentovideo values (35, , '2018-- ::', );
insert into segmentovideo values (36, , '2018-- ::', );
insert into segmentovideo values (37, , '2018-- ::', );
insert into segmentovideo values (38, , '2018-- ::', );
insert into segmentovideo values (39, , '2018-- ::', );
insert into segmentovideo values (40, , '2018-- ::', );
insert into segmentovideo values (41, , '2018-- ::', );
insert into segmentovideo values (42, , '2018-- ::', );
insert into segmentovideo values (43, , '2018-- ::', );
insert into segmentovideo values (44, , '2018-- ::', );
insert into segmentovideo values (45, , '2018-- ::', );
insert into segmentovideo values (46, , '2018-- ::', );
insert into segmentovideo values (47, , '2018-- ::', );
insert into segmentovideo values (48, , '2018-- ::', );
insert into segmentovideo values (49, , '2018-- ::', );
insert into segmentovideo values (50, , '2018-- ::', );
insert into segmentovideo values (51, , '2018-- ::', );
insert into segmentovideo values (52, , '2018-- ::', );
insert into segmentovideo values (53, , '2018-- ::', );
insert into segmentovideo values (54, , '2018-- ::', );
insert into segmentovideo values (55, , '2018-- ::', );
insert into segmentovideo values (56, , '2018-- ::', );
insert into segmentovideo values (57, , '2018-- ::', );
insert into segmentovideo values (58, , '2018-- ::', );
insert into segmentovideo values (59, , '2018-- ::', );
insert into segmentovideo values (60, , '2018-- ::', );
insert into segmentovideo values (61, , '2018-- ::', );
insert into segmentovideo values (62, , '2018-- ::', );
insert into segmentovideo values (63, , '2018-- ::', );
insert into segmentovideo values (64, , '2018-- ::', );
insert into segmentovideo values (65, , '2018-- ::', );
insert into segmentovideo values (66, , '2018-- ::', );
insert into segmentovideo values (67, , '2018-- ::', );
insert into segmentovideo values (68, , '2018-- ::', );
insert into segmentovideo values (69, , '2018-- ::', );
insert into segmentovideo values (70, , '2018-- ::', );
insert into segmentovideo values (71, , '2018-- ::', );
insert into segmentovideo values (72, , '2018-- ::', );
insert into segmentovideo values (73, , '2018-- ::', );
insert into segmentovideo values (74, , '2018-- ::', );
insert into segmentovideo values (75, , '2018-- ::', );
insert into segmentovideo values (76, , '2018-- ::', );
insert into segmentovideo values (77, , '2018-- ::', );
insert into segmentovideo values (78, , '2018-- ::', );
insert into segmentovideo values (79, , '2018-- ::', );
insert into segmentovideo values (80, , '2018-- ::', );
insert into segmentovideo values (81, , '2018-- ::', );
insert into segmentovideo values (82, , '2018-- ::', );
insert into segmentovideo values (83, , '2018-- ::', );
insert into segmentovideo values (84, , '2018-- ::', );
insert into segmentovideo values (85, , '2018-- ::', );
insert into segmentovideo values (86, , '2018-- ::', );
insert into segmentovideo values (87, , '2018-- ::', );
insert into segmentovideo values (88, , '2018-- ::', );
insert into segmentovideo values (89, , '2018-- ::', );
insert into segmentovideo values (90, , '2018-- ::', );
insert into segmentovideo values (91, , '2018-- ::', );
insert into segmentovideo values (92, , '2018-- ::', );
insert into segmentovideo values (93, , '2018-- ::', );
insert into segmentovideo values (94, , '2018-- ::', );
insert into segmentovideo values (95, , '2018-- ::', );
insert into segmentovideo values (96, , '2018-- ::', );
insert into segmentovideo values (97, , '2018-- ::', );
insert into segmentovideo values (98, , '2018-- ::', );
insert into segmentovideo values (99, , '2018-- ::', );
insert into segmentovideo values (100, , '2018-- ::', );